alpha,beta,Z,E_d,E_dot_d
0.1,0.05,68.65796692261448,5.098613781084893,-0.0
0.1,0.11724137931034483,49.13882306837198,4.8495848319562995,-0.0
0.1,0.18448275862068964,35.76709379541489,4.597139836048925,-0.0
0.1,0.2517241379310345,26.481901422835705,4.342549896030334,-0.0
0.1,0.3189655172413793,19.94637092737628,4.087204259750621,-0.0
0.1,0.3862068965517241,15.283699696484508,3.83258094045491,-0.0
0.1,0.45344827586206893,11.91240927785266,3.5802115077032677,-0.0
0.1,0.5206896551724138,9.442539753689104,3.331641249437744,-0.0
0.1,0.5879310344827586,7.609619361146857,3.088386504779272,-0.0
0.1,0.6551724137931034,6.232257665020297,2.8518914622965847,-0.0
0.1,0.7224137931034482,5.184645494888292,2.623487000774638,-0.0
0.1,0.7896551724137931,4.378547013177069,2.404354154006416,-0.0
0.1,0.8568965517241379,3.7513916482320226,2.195494478673954,-0.0
0.1,0.9241379310344827,3.2583222264908867,1.9977090332301548,-0.0
0.1,0.9913793103448276,2.866832826755693,1.8115869142132366,-0.0
0.1,1.0586206896551724,2.553117637988944,1.6375034627480465,-0.0
0.1,1.1258620689655172,2.2995607669255347,1.4756274620886243,-0.0
0.1,1.193103448275862,2.0929939102962045,1.325936002971595,-0.0
0.1,1.2603448275862068,1.9234755569451916,1.1882352603853619,-0.0
0.1,1.3275862068965516,1.7834276386820886,1.0621852283065891,-0.0
0.1,1.3948275862068964,1.6670193773737725,0.9473264823867121,-0.0
0.1,1.4620689655172414,1.5697235996943026,0.8431072360454149,-0.0
0.1,1.5293103448275862,1.4879944318093463,0.7489092707591015,-0.0
0.1,1.596551724137931,1.4190311505629414,0.6640716853578699,-0.0
0.1,1.6637931034482758,1.360603701824647,0.5879117802698453,-0.0
0.1,1.7310344827586206,1.3109227191893529,0.5197427252717768,-0.0
0.1,1.7982758620689654,1.2685419119902104,0.45888793321763316,-0.0
0.1,1.8655172413793102,1.2322841823987218,0.40469226973566247,-0.0
0.1,1.9327586206896552,1.2011852702329437,0.3565303693622845,-0.0
0.1,2.0,1.174450441101019,0.31381241038241914,-0.0
0.17435897435897435,0.05,68.65796692261448,5.098613781084893,-0.0
0.17435897435897435,0.11724137931034483,49.13882306837198,4.8495848319562995,-0.0
0.17435897435897435,0.18448275862068964,35.76709379541489,4.597139836048925,-0.0
0.17435897435897435,0.2517241379310345,26.481901422835705,4.342549896030334,-0.0
0.17435897435897435,0.3189655172413793,19.94637092737628,4.087204259750621,-0.0
0.17435897435897435,0.3862068965517241,15.283699696484508,3.83258094045491,-0.0
0.17435897435897435,0.45344827586206893,11.91240927785266,3.5802115077032677,-0.0
0.17435897435897435,0.5206896551724138,9.442539753689104,3.331641249437744,-0.0
0.17435897435897435,0.5879310344827586,7.609619361146857,3.088386504779272,-0.0
0.17435897435897435,0.6551724137931034,6.232257665020297,2.8518914622965847,-0.0
0.17435897435897435,0.7224137931034482,5.184645494888292,2.623487000774638,-0.0
0.17435897435897435,0.7896551724137931,4.378547013177069,2.404354154006416,-0.0
0.17435897435897435,0.8568965517241379,3.7513916482320226,2.195494478673954,-0.0
0.17435897435897435,0.9241379310344827,3.2583222264908867,1.9977090332301548,-0.0
0.17435897435897435,0.9913793103448276,2.866832826755693,1.8115869142132366,-0.0
0.17435897435897435,1.0586206896551724,2.553117637988944,1.6375034627480465,-0.0
0.17435897435897435,1.1258620689655172,2.2995607669255347,1.4756274620886243,-0.0
0.17435897435897435,1.193103448275862,2.0929939102962045,1.325936002971595,-0.0
0.17435897435897435,1.2603448275862068,1.9234755569451916,1.1882352603853619,-0.0
0.17435897435897435,1.3275862068965516,1.7834276386820886,1.0621852283065891,-0.0
0.17435897435897435,1.3948275862068964,1.6670193773737725,0.9473264823867121,-0.0
0.17435897435897435,1.4620689655172414,1.5697235996943026,0.8431072360454149,-0.0
0.17435897435897435,1.5293103448275862,1.4879944318093463,0.7489092707591015,-0.0
0.17435897435897435,1.596551724137931,1.4190311505629414,0.6640716853578699,-0.0
0.17435897435897435,1.6637931034482758,1.360603701824647,0.5879117802698453,-0.0
0.17435897435897435,1.7310344827586206,1.3109227191893529,0.5197427252717768,-0.0
0.17435897435897435,1.7982758620689654,1.2685419119902104,0.45888793321763316,-0.0
0.17435897435897435,1.8655172413793102,1.2322841823987218,0.40469226973566247,-0.0
0.17435897435897435,1.9327586206896552,1.2011852702329437,0.3565303693622845,-0.0
0.17435897435897435,2.0,1.174450441101019,0.31381241038241914,-0.0
0.24871794871794872,0.05,68.65796692261448,5.098613781084893,-0.0
0.24871794871794872,0.11724137931034483,49.13882306837198,4.8495848319562995,-0.0
0.24871794871794872,0.18448275862068964,35.76709379541489,4.597139836048925,-0.0
0.24871794871794872,0.2517241379310345,26.481901422835705,4.342549896030334,-0.0
0.24871794871794872,0.3189655172413793,19.94637092737628,4.087204259750621,-0.0
0.24871794871794872,0.3862068965517241,15.283699696484508,3.83258094045491,-0.0
0.24871794871794872,0.45344827586206893,11.91240927785266,3.5802115077032677,-0.0
0.24871794871794872,0.5206896551724138,9.442539753689104,3.331641249437744,-0.0
0.24871794871794872,0.5879310344827586,7.609619361146857,3.088386504779272,-0.0
0.24871794871794872,0.6551724137931034,6.232257665020297,2.8518914622965847,-0.0
0.24871794871794872,0.7224137931034482,5.184645494888292,2.623487000774638,-0.0
0.24871794871794872,0.7896551724137931,4.378547013177069,2.404354154006416,-0.0
0.24871794871794872,0.8568965517241379,3.7513916482320226,2.195494478673954,-0.0
0.24871794871794872,0.9241379310344827,3.2583222264908867,1.9977090332301548,-0.0
0.24871794871794872,0.9913793103448276,2.866832826755693,1.8115869142132366,-0.0
0.24871794871794872,1.0586206896551724,2.553117637988944,1.6375034627480465,-0.0
0.24871794871794872,1.1258620689655172,2.2995607669255347,1.4756274620886243,-0.0
0.24871794871794872,1.193103448275862,2.0929939102962045,1.325936002971595,-0.0
0.24871794871794872,1.2603448275862068,1.9234755569451916,1.1882352603853619,-0.0
0.24871794871794872,1.3275862068965516,1.7834276386820886,1.0621852283065891,-0.0
0.24871794871794872,1.3948275862068964,1.6670193773737725,0.9473264823867121,-0.0
0.24871794871794872,1.4620689655172414,1.5697235996943026,0.8431072360454149,-0.0
0.24871794871794872,1.5293103448275862,1.4879944318093463,0.7489092707591015,-0.0
0.24871794871794872,1.596551724137931,1.4190311505629414,0.6640716853578699,-0.0
0.24871794871794872,1.6637931034482758,1.360603701824647,0.5879117802698453,-0.0
0.24871794871794872,1.7310344827586206,1.3109227191893529,0.5197427252717768,-0.0
0.24871794871794872,1.7982758620689654,1.2685419119902104,0.45888793321763316,-0.0
0.24871794871794872,1.8655172413793102,1.2322841823987218,0.40469226973566247,-0.0
0.24871794871794872,1.9327586206896552,1.2011852702329437,0.3565303693622845,-0.0
0.24871794871794872,2.0,1.174450441101019,0.31381241038241914,-0.0
0.32307692307692304,0.05,68.65796692261448,5.098613781084893,-0.0
0.32307692307692304,0.11724137931034483,49.13882306837198,4.8495848319562995,-0.0
0.32307692307692304,0.18448275862068964,35.76709379541489,4.597139836048925,-0.0
0.32307692307692304,0.2517241379310345,26.481901422835705,4.342549896030334,-0.0
0.32307692307692304,0.3189655172413793,19.94637092737628,4.087204259750621,-0.0
0.32307692307692304,0.3862068965517241,15.283699696484508,3.83258094045491,-0.0
0.32307692307692304,0.45344827586206893,11.91240927785266,3.5802115077032677,-0.0
0.32307692307692304,0.5206896551724138,9.442539753689104,3.331641249437744,-0.0
0.32307692307692304,0.5879310344827586,7.609619361146857,3.088386504779272,-0.0
0.32307692307692304,0.6551724137931034,6.232257665020297,2.8518914622965847,-0.0
0.32307692307692304,0.7224137931034482,5.184645494888292,2.623487000774638,-0.0
0.32307692307692304,0.7896551724137931,4.378547013177069,2.404354154006416,-0.0
0.32307692307692304,0.8568965517241379,3.7513916482320226,2.195494478673954,-0.0
0.32307692307692304,0.9241379310344827,3.2583222264908867,1.9977090332301548,-0.0
0.32307692307692304,0.9913793103448276,2.866832826755693,1.8115869142132366,-0.0
0.32307692307692304,1.0586206896551724,2.553117637988944,1.6375034627480465,-0.0
0.32307692307692304,1.1258620689655172,2.2995607669255347,1.4756274620886243,-0.0
0.32307692307692304,1.193103448275862,2.0929939102962045,1.325936002971595,-0.0
0.32307692307692304,1.2603448275862068,1.9234755569451916,1.1882352603853619,-0.0
0.32307692307692304,1.3275862068965516,1.7834276386820886,1.0621852283065891,-0.0
0.32307692307692304,1.3948275862068964,1.6670193773737725,0.9473264823867121,-0.0
0.32307692307692304,1.4620689655172414,1.5697235996943026,0.8431072360454149,-0.0
0.32307692307692304,1.5293103448275862,1.4879944318093463,0.7489092707591015,-0.0
0.32307692307692304,1.596551724137931,1.4190311505629414,0.6640716853578699,-0.0
0.32307692307692304,1.6637931034482758,1.360603701824647,0.5879117802698453,-0.0
0.32307692307692304,1.7310344827586206,1.3109227191893529,0.5197427252717768,-0.0
0.32307692307692304,1.7982758620689654,1.2685419119902104,0.45888793321763316,-0.0
0.32307692307692304,1.8655172413793102,1.2322841823987218,0.40469226973566247,-0.0
0.32307692307692304,1.9327586206896552,1.2011852702329437,0.3565303693622845,-0.0
0.32307692307692304,2.0,1.174450441101019,0.31381241038241914,-0.0
0.39743589743589747,0.05,68.65796692261448,5.098613781084893,-0.0
0.39743589743589747,0.11724137931034483,49.13882306837198,4.8495848319562995,-0.0
0.39743589743589747,0.18448275862068964,35.76709379541489,4.597139836048925,-0.0
0.39743589743589747,0.2517241379310345,26.481901422835705,4.342549896030334,-0.0
0.39743589743589747,0.3189655172413793,19.94637092737628,4.087204259750621,-0.0
0.39743589743589747,0.3862068965517241,15.283699696484508,3.83258094045491,-0.0
0.39743589743589747,0.45344827586206893,11.91240927785266,3.5802115077032677,-0.0
0.39743589743589747,0.5206896551724138,9.442539753689104,3.331641249437744,-0.0
0.39743589743589747,0.5879310344827586,7.609619361146857,3.088386504779272,-0.0
0.39743589743589747,0.6551724137931034,6.232257665020297,2.8518914622965847,-0.0
0.39743589743589747,0.7224137931034482,5.184645494888292,2.623487000774638,-0.0
0.39743589743589747,0.7896551724137931,4.378547013177069,2.404354154006416,-0.0
0.39743589743589747,0.8568965517241379,3.7513916482320226,2.195494478673954,-0.0
0.39743589743589747,0.9241379310344827,3.2583222264908867,1.9977090332301548,-0.0
0.39743589743589747,0.9913793103448276,2.866832826755693,1.8115869142132366,-0.0
0.39743589743589747,1.0586206896551724,2.553117637988944,1.6375034627480465,-0.0
0.39743589743589747,1.1258620689655172,2.2995607669255347,1.4756274620886243,-0.0
0.39743589743589747,1.193103448275862,2.0929939102962045,1.325936002971595,-0.0
0.39743589743589747,1.2603448275862068,1.9234755569451916,1.1882352603853619,-0.0
0.39743589743589747,1.3275862068965516,1.7834276386820886,1.0621852283065891,-0.0
0.39743589743589747,1.3948275862068964,1.6670193773737725,0.9473264823867121,-0.0
0.39743589743589747,1.4620689655172414,1.5697235996943026,0.8431072360454149,-0.0
0.39743589743589747,1.5293103448275862,1.4879944318093463,0.7489092707591015,-0.0
0.39743589743589747,1.596551724137931,1.4190311505629414,0.6640716853578699,-0.0
0.39743589743589747,1.6637931034482758,1.360603701824647,0.5879117802698453,-0.0
0.39743589743589747,1.7310344827586206,1.3109227191893529,0.5197427252717768,-0.0
0.39743589743589747,1.7982758620689654,1.2685419119902104,0.45888793321763316,-0.0
0.39743589743589747,1.8655172413793102,1.2322841823987218,0.40469226973566247,-0.0
0.39743589743589747,1.9327586206896552,1.2011852702329437,0.3565303693622845,-0.0
0.39743589743589747,2.0,1.174450441101019,0.31381241038241914,-0.0
0.4717948717948718,0.05,68.65796692261448,5.098613781084893,-0.0
0.4717948717948718,0.11724137931034483,49.13882306837198,4.8495848319562995,-0.0
0.4717948717948718,0.18448275862068964,35.76709379541489,4.597139836048925,-0.0
0.4717948717948718,0.2517241379310345,26.481901422835705,4.342549896030334,-0.0
0.4717948717948718,0.3189655172413793,19.94637092737628,4.087204259750621,-0.0
0.4717948717948718,0.3862068965517241,15.283699696484508,3.83258094045491,-0.0
0.4717948717948718,0.45344827586206893,11.91240927785266,3.5802115077032677,-0.0
0.4717948717948718,0.5206896551724138,9.442539753689104,3.331641249437744,-0.0
0.4717948717948718,0.5879310344827586,7.609619361146857,3.088386504779272,-0.0
0.4717948717948718,0.6551724137931034,6.232257665020297,2.8518914622965847,-0.0
0.4717948717948718,0.7224137931034482,5.184645494888292,2.623487000774638,-0.0
0.4717948717948718,0.7896551724137931,4.378547013177069,2.404354154006416,-0.0
0.4717948717948718,0.8568965517241379,3.7513916482320226,2.195494478673954,-0.0
0.4717948717948718,0.9241379310344827,3.2583222264908867,1.9977090332301548,-0.0
0.4717948717948718,0.9913793103448276,2.866832826755693,1.8115869142132366,-0.0
0.4717948717948718,1.0586206896551724,2.553117637988944,1.6375034627480465,-0.0
0.4717948717948718,1.1258620689655172,2.2995607669255347,1.4756274620886243,-0.0
0.4717948717948718,1.193103448275862,2.0929939102962045,1.325936002971595,-0.0
0.4717948717948718,1.2603448275862068,1.9234755569451916,1.1882352603853619,-0.0
0.4717948717948718,1.3275862068965516,1.7834276386820886,1.0621852283065891,-0.0
0.4717948717948718,1.3948275862068964,1.6670193773737725,0.9473264823867121,-0.0
0.4717948717948718,1.4620689655172414,1.5697235996943026,0.8431072360454149,-0.0
0.4717948717948718,1.5293103448275862,1.4879944318093463,0.7489092707591015,-0.0
0.4717948717948718,1.596551724137931,1.4190311505629414,0.6640716853578699,-0.0
0.4717948717948718,1.6637931034482758,1.360603701824647,0.5879117802698453,-0.0
0.4717948717948718,1.7310344827586206,1.3109227191893529,0.5197427252717768,-0.0
0.4717948717948718,1.7982758620689654,1.2685419119902104,0.45888793321763316,-0.0
0.4717948717948718,1.8655172413793102,1.2322841823987218,0.40469226973566247,-0.0
0.4717948717948718,1.9327586206896552,1.2011852702329437,0.3565303693622845,-0.0
0.4717948717948718,2.0,1.174450441101019,0.31381241038241914,-0.0
0.5461538461538461,0.05,68.65796692261448,5.098613781084893,-0.0
0.5461538461538461,0.11724137931034483,49.13882306837198,4.8495848319562995,-0.0
0.5461538461538461,0.18448275862068964,35.76709379541489,4.597139836048925,-0.0
0.5461538461538461,0.2517241379310345,26.481901422835705,4.342549896030334,-0.0
0.5461538461538461,0.3189655172413793,19.94637092737628,4.087204259750621,-0.0
0.5461538461538461,0.3862068965517241,15.283699696484508,3.83258094045491,-0.0
0.5461538461538461,0.45344827586206893,11.91240927785266,3.5802115077032677,-0.0
0.5461538461538461,0.5206896551724138,9.442539753689104,3.331641249437744,-0.0
0.5461538461538461,0.5879310344827586,7.609619361146857,3.088386504779272,-0.0
0.5461538461538461,0.6551724137931034,6.232257665020297,2.8518914622965847,-0.0
0.5461538461538461,0.7224137931034482,5.184645494888292,2.623487000774638,-0.0
0.5461538461538461,0.7896551724137931,4.378547013177069,2.404354154006416,-0.0
0.5461538461538461,0.8568965517241379,3.7513916482320226,2.195494478673954,-0.0
0.5461538461538461,0.9241379310344827,3.2583222264908867,1.9977090332301548,-0.0
0.5461538461538461,0.9913793103448276,2.866832826755693,1.8115869142132366,-0.0
0.5461538461538461,1.0586206896551724,2.553117637988944,1.6375034627480465,-0.0
0.5461538461538461,1.1258620689655172,2.2995607669255347,1.4756274620886243,-0.0
0.5461538461538461,1.193103448275862,2.0929939102962045,1.325936002971595,-0.0
0.5461538461538461,1.2603448275862068,1.9234755569451916,1.1882352603853619,-0.0
0.5461538461538461,1.3275862068965516,1.7834276386820886,1.0621852283065891,-0.0
0.5461538461538461,1.3948275862068964,1.6670193773737725,0.9473264823867121,-0.0
0.5461538461538461,1.4620689655172414,1.5697235996943026,0.8431072360454149,-0.0
0.5461538461538461,1.5293103448275862,1.4879944318093463,0.7489092707591015,-0.0
0.5461538461538461,1.596551724137931,1.4190311505629414,0.6640716853578699,-0.0
0.5461538461538461,1.6637931034482758,1.360603701824647,0.5879117802698453,-0.0
0.5461538461538461,1.7310344827586206,1.3109227191893529,0.5197427252717768,-0.0
0.5461538461538461,1.7982758620689654,1.2685419119902104,0.45888793321763316,-0.0
0.5461538461538461,1.8655172413793102,1.2322841823987218,0.40469226973566247,-0.0
0.5461538461538461,1.9327586206896552,1.2011852702329437,0.3565303693622845,-0.0
0.5461538461538461,2.0,1.174450441101019,0.31381241038241914,-0.0
0.6205128205128205,0.05,68.65796692261448,5.098613781084893,-0.0
0.6205128205128205,0.11724137931034483,49.13882306837198,4.8495848319562995,-0.0
0.6205128205128205,0.18448275862068964,35.76709379541489,4.597139836048925,-0.0
0.6205128205128205,0.2517241379310345,26.481901422835705,4.342549896030334,-0.0
0.6205128205128205,0.3189655172413793,19.94637092737628,4.087204259750621,-0.0
0.6205128205128205,0.3862068965517241,15.283699696484508,3.83258094045491,-0.0
0.6205128205128205,0.45344827586206893,11.91240927785266,3.5802115077032677,-0.0
0.6205128205128205,0.5206896551724138,9.442539753689104,3.331641249437744,-0.0
0.6205128205128205,0.5879310344827586,7.609619361146857,3.088386504779272,-0.0
0.6205128205128205,0.6551724137931034,6.232257665020297,2.8518914622965847,-0.0
0.6205128205128205,0.7224137931034482,5.184645494888292,2.623487000774638,-0.0
0.6205128205128205,0.7896551724137931,4.378547013177069,2.404354154006416,-0.0
0.6205128205128205,0.8568965517241379,3.7513916482320226,2.195494478673954,-0.0
0.6205128205128205,0.9241379310344827,3.2583222264908867,1.9977090332301548,-0.0
0.6205128205128205,0.9913793103448276,2.866832826755693,1.8115869142132366,-0.0
0.6205128205128205,1.0586206896551724,2.553117637988944,1.6375034627480465,-0.0
0.6205128205128205,1.1258620689655172,2.2995607669255347,1.4756274620886243,-0.0
0.6205128205128205,1.193103448275862,2.0929939102962045,1.325936002971595,-0.0
0.6205128205128205,1.2603448275862068,1.9234755569451916,1.1882352603853619,-0.0
0.6205128205128205,1.3275862068965516,1.7834276386820886,1.0621852283065891,-0.0
0.6205128205128205,1.3948275862068964,1.6670193773737725,0.9473264823867121,-0.0
0.6205128205128205,1.4620689655172414,1.5697235996943026,0.8431072360454149,-0.0
0.6205128205128205,1.5293103448275862,1.4879944318093463,0.7489092707591015,-0.0
0.6205128205128205,1.596551724137931,1.4190311505629414,0.6640716853578699,-0.0
0.6205128205128205,1.6637931034482758,1.360603701824647,0.5879117802698453,-0.0
0.6205128205128205,1.7310344827586206,1.3109227191893529,0.5197427252717768,-0.0
0.6205128205128205,1.7982758620689654,1.2685419119902104,0.45888793321763316,-0.0
0.6205128205128205,1.8655172413793102,1.2322841823987218,0.40469226973566247,-0.0
0.6205128205128205,1.9327586206896552,1.2011852702329437,0.3565303693622845,-0.0
0.6205128205128205,2.0,1.174450441101019,0.31381241038241914,-0.0
0.6948717948717948,0.05,68.65796692261448,5.098613781084893,-0.0
0.6948717948717948,0.11724137931034483,49.13882306837198,4.8495848319562995,-0.0
0.6948717948717948,0.18448275862068964,35.76709379541489,4.597139836048925,-0.0
0.6948717948717948,0.2517241379310345,26.481901422835705,4.342549896030334,-0.0
0.6948717948717948,0.3189655172413793,19.94637092737628,4.087204259750621,-0.0
0.6948717948717948,0.3862068965517241,15.283699696484508,3.83258094045491,-0.0
0.6948717948717948,0.45344827586206893,11.91240927785266,3.5802115077032677,-0.0
0.6948717948717948,0.5206896551724138,9.442539753689104,3.331641249437744,-0.0
0.6948717948717948,0.5879310344827586,7.609619361146857,3.088386504779272,-0.0
0.6948717948717948,0.6551724137931034,6.232257665020297,2.8518914622965847,-0.0
0.6948717948717948,0.7224137931034482,5.184645494888292,2.623487000774638,-0.0
0.6948717948717948,0.7896551724137931,4.378547013177069,2.404354154006416,-0.0
0.6948717948717948,0.8568965517241379,3.7513916482320226,2.195494478673954,-0.0
0.6948717948717948,0.9241379310344827,3.2583222264908867,1.9977090332301548,-0.0
0.6948717948717948,0.9913793103448276,2.866832826755693,1.8115869142132366,-0.0
0.6948717948717948,1.0586206896551724,2.553117637988944,1.6375034627480465,-0.0
0.6948717948717948,1.1258620689655172,2.2995607669255347,1.4756274620886243,-0.0
0.6948717948717948,1.193103448275862,2.0929939102962045,1.325936002971595,-0.0
0.6948717948717948,1.2603448275862068,1.9234755569451916,1.1882352603853619,-0.0
0.6948717948717948,1.3275862068965516,1.7834276386820886,1.0621852283065891,-0.0
0.6948717948717948,1.3948275862068964,1.6670193773737725,0.9473264823867121,-0.0
0.6948717948717948,1.4620689655172414,1.5697235996943026,0.8431072360454149,-0.0
0.6948717948717948,1.5293103448275862,1.4879944318093463,0.7489092707591015,-0.0
0.6948717948717948,1.596551724137931,1.4190311505629414,0.6640716853578699,-0.0
0.6948717948717948,1.6637931034482758,1.360603701824647,0.5879117802698453,-0.0
0.6948717948717948,1.7310344827586206,1.3109227191893529,0.5197427252717768,-0.0
0.6948717948717948,1.7982758620689654,1.2685419119902104,0.45888793321763316,-0.0
0.6948717948717948,1.8655172413793102,1.2322841823987218,0.40469226973566247,-0.0
0.6948717948717948,1.9327586206896552,1.2011852702329437,0.3565303693622845,-0.0
0.6948717948717948,2.0,1.174450441101019,0.31381241038241914,-0.0
0.7692307692307692,0.05,68.65796692261448,5.098613781084893,-0.0
0.7692307692307692,0.11724137931034483,49.13882306837198,4.8495848319562995,-0.0
0.7692307692307692,0.18448275862068964,35.76709379541489,4.597139836048925,-0.0
0.7692307692307692,0.2517241379310345,26.481901422835705,4.342549896030334,-0.0
0.7692307692307692,0.3189655172413793,19.94637092737628,4.087204259750621,-0.0
0.7692307692307692,0.3862068965517241,15.283699696484508,3.83258094045491,-0.0
0.7692307692307692,0.45344827586206893,11.91240927785266,3.5802115077032677,-0.0
0.7692307692307692,0.5206896551724138,9.442539753689104,3.331641249437744,-0.0
0.7692307692307692,0.5879310344827586,7.609619361146857,3.088386504779272,-0.0
0.7692307692307692,0.6551724137931034,6.232257665020297,2.8518914622965847,-0.0
0.7692307692307692,0.7224137931034482,5.184645494888292,2.623487000774638,-0.0
0.7692307692307692,0.7896551724137931,4.378547013177069,2.404354154006416,-0.0
0.7692307692307692,0.8568965517241379,3.7513916482320226,2.195494478673954,-0.0
0.7692307692307692,0.9241379310344827,3.2583222264908867,1.9977090332301548,-0.0
0.7692307692307692,0.9913793103448276,2.866832826755693,1.8115869142132366,-0.0
0.7692307692307692,1.0586206896551724,2.553117637988944,1.6375034627480465,-0.0
0.7692307692307692,1.1258620689655172,2.2995607669255347,1.4756274620886243,-0.0
0.7692307692307692,1.193103448275862,2.0929939102962045,1.325936002971595,-0.0
0.7692307692307692,1.2603448275862068,1.9234755569451916,1.1882352603853619,-0.0
0.7692307692307692,1.3275862068965516,1.7834276386820886,1.0621852283065891,-0.0
0.7692307692307692,1.3948275862068964,1.6670193773737725,0.9473264823867121,-0.0
0.7692307692307692,1.4620689655172414,1.5697235996943026,0.8431072360454149,-0.0
0.7692307692307692,1.5293103448275862,1.4879944318093463,0.7489092707591015,-0.0
0.7692307692307692,1.596551724137931,1.4190311505629414,0.6640716853578699,-0.0
0.7692307692307692,1.6637931034482758,1.360603701824647,0.5879117802698453,-0.0
0.7692307692307692,1.7310344827586206,1.3109227191893529,0.5197427252717768,-0.0
0.7692307692307692,1.7982758620689654,1.2685419119902104,0.45888793321763316,-0.0
0.7692307692307692,1.8655172413793102,1.2322841823987218,0.40469226973566247,-0.0
0.7692307692307692,1.9327586206896552,1.2011852702329437,0.3565303693622845,-0.0
0.7692307692307692,2.0,1.174450441101019,0.31381241038241914,-0.0
0.8435897435897436,0.05,68.65796692261448,5.098613781084893,-0.0
0.8435897435897436,0.11724137931034483,49.13882306837198,4.8495848319562995,-0.0
0.8435897435897436,0.18448275862068964,35.76709379541489,4.597139836048925,-0.0
0.8435897435897436,0.2517241379310345,26.481901422835705,4.342549896030334,-0.0
0.8435897435897436,0.3189655172413793,19.94637092737628,4.087204259750621,-0.0
0.8435897435897436,0.3862068965517241,15.283699696484508,3.83258094045491,-0.0
0.8435897435897436,0.45344827586206893,11.91240927785266,3.5802115077032677,-0.0
0.8435897435897436,0.5206896551724138,9.442539753689104,3.331641249437744,-0.0
0.8435897435897436,0.5879310344827586,7.609619361146857,3.088386504779272,-0.0
0.8435897435897436,0.6551724137931034,6.232257665020297,2.8518914622965847,-0.0
0.8435897435897436,0.7224137931034482,5.184645494888292,2.623487000774638,-0.0
0.8435897435897436,0.7896551724137931,4.378547013177069,2.404354154006416,-0.0
0.8435897435897436,0.8568965517241379,3.7513916482320226,2.195494478673954,-0.0
0.8435897435897436,0.9241379310344827,3.2583222264908867,1.9977090332301548,-0.0
0.8435897435897436,0.9913793103448276,2.866832826755693,1.8115869142132366,-0.0
0.8435897435897436,1.0586206896551724,2.553117637988944,1.6375034627480465,-0.0
0.8435897435897436,1.1258620689655172,2.2995607669255347,1.4756274620886243,-0.0
0.8435897435897436,1.193103448275862,2.0929939102962045,1.325936002971595,-0.0
0.8435897435897436,1.2603448275862068,1.9234755569451916,1.1882352603853619,-0.0
0.8435897435897436,1.3275862068965516,1.7834276386820886,1.0621852283065891,-0.0
0.8435897435897436,1.3948275862068964,1.6670193773737725,0.9473264823867121,-0.0
0.8435897435897436,1.4620689655172414,1.5697235996943026,0.8431072360454149,-0.0
0.8435897435897436,1.5293103448275862,1.4879944318093463,0.7489092707591015,-0.0
0.8435897435897436,1.596551724137931,1.4190311505629414,0.6640716853578699,-0.0
0.8435897435897436,1.6637931034482758,1.360603701824647,0.5879117802698453,-0.0
0.8435897435897436,1.7310344827586206,1.3109227191893529,0.5197427252717768,-0.0
0.8435897435897436,1.7982758620689654,1.2685419119902104,0.45888793321763316,-0.0
0.8435897435897436,1.8655172413793102,1.2322841823987218,0.40469226973566247,-0.0
0.8435897435897436,1.9327586206896552,1.2011852702329437,0.3565303693622845,-0.0
0.8435897435897436,2.0,1.174450441101019,0.31381241038241914,-0.0
0.9179487179487179,0.05,68.65796692261448,5.098613781084893,-0.0
0.9179487179487179,0.11724137931034483,49.13882306837198,4.8495848319562995,-0.0
0.9179487179487179,0.18448275862068964,35.76709379541489,4.597139836048925,-0.0
0.9179487179487179,0.2517241379310345,26.481901422835705,4.342549896030334,-0.0
0.9179487179487179,0.3189655172413793,19.94637092737628,4.087204259750621,-0.0
0.9179487179487179,0.3862068965517241,15.283699696484508,3.83258094045491,-0.0
0.9179487179487179,0.45344827586206893,11.91240927785266,3.5802115077032677,-0.0
0.9179487179487179,0.5206896551724138,9.442539753689104,3.331641249437744,-0.0
0.9179487179487179,0.5879310344827586,7.609619361146857,3.088386504779272,-0.0
0.9179487179487179,0.6551724137931034,6.232257665020297,2.8518914622965847,-0.0
0.9179487179487179,0.7224137931034482,5.184645494888292,2.623487000774638,-0.0
0.9179487179487179,0.7896551724137931,4.378547013177069,2.404354154006416,-0.0
0.9179487179487179,0.8568965517241379,3.7513916482320226,2.195494478673954,-0.0
0.9179487179487179,0.9241379310344827,3.2583222264908867,1.9977090332301548,-0.0
0.9179487179487179,0.9913793103448276,2.866832826755693,1.8115869142132366,-0.0
0.9179487179487179,1.0586206896551724,2.553117637988944,1.6375034627480465,-0.0
0.9179487179487179,1.1258620689655172,2.2995607669255347,1.4756274620886243,-0.0
0.9179487179487179,1.193103448275862,2.0929939102962045,1.325936002971595,-0.0
0.9179487179487179,1.2603448275862068,1.9234755569451916,1.1882352603853619,-0.0
0.9179487179487179,1.3275862068965516,1.7834276386820886,1.0621852283065891,-0.0
0.9179487179487179,1.3948275862068964,1.6670193773737725,0.9473264823867121,-0.0
0.9179487179487179,1.4620689655172414,1.5697235996943026,0.8431072360454149,-0.0
0.9179487179487179,1.5293103448275862,1.4879944318093463,0.7489092707591015,-0.0
0.9179487179487179,1.596551724137931,1.4190311505629414,0.6640716853578699,-0.0
0.9179487179487179,1.6637931034482758,1.360603701824647,0.5879117802698453,-0.0
0.9179487179487179,1.7310344827586206,1.3109227191893529,0.5197427252717768,-0.0
0.9179487179487179,1.7982758620689654,1.2685419119902104,0.45888793321763316,-0.0
0.9179487179487179,1.8655172413793102,1.2322841823987218,0.40469226973566247,-0.0
0.9179487179487179,1.9327586206896552,1.2011852702329437,0.3565303693622845,-0.0
0.9179487179487179,2.0,1.174450441101019,0.31381241038241914,-0.0
0.9923076923076922,0.05,68.65796692261448,5.098613781084893,-0.0
0.9923076923076922,0.11724137931034483,49.13882306837198,4.8495848319562995,-0.0
0.9923076923076922,0.18448275862068964,35.76709379541489,4.597139836048925,-0.0
0.9923076923076922,0.2517241379310345,26.481901422835705,4.342549896030334,-0.0
0.9923076923076922,0.3189655172413793,19.94637092737628,4.087204259750621,-0.0
0.9923076923076922,0.3862068965517241,15.283699696484508,3.83258094045491,-0.0
0.9923076923076922,0.45344827586206893,11.91240927785266,3.5802115077032677,-0.0
0.9923076923076922,0.5206896551724138,9.442539753689104,3.331641249437744,-0.0
0.9923076923076922,0.5879310344827586,7.609619361146857,3.088386504779272,-0.0
0.9923076923076922,0.6551724137931034,6.232257665020297,2.8518914622965847,-0.0
0.9923076923076922,0.7224137931034482,5.184645494888292,2.623487000774638,-0.0
0.9923076923076922,0.7896551724137931,4.378547013177069,2.404354154006416,-0.0
0.9923076923076922,0.8568965517241379,3.7513916482320226,2.195494478673954,-0.0
0.9923076923076922,0.9241379310344827,3.2583222264908867,1.9977090332301548,-0.0
0.9923076923076922,0.9913793103448276,2.866832826755693,1.8115869142132366,-0.0
0.9923076923076922,1.0586206896551724,2.553117637988944,1.6375034627480465,-0.0
0.9923076923076922,1.1258620689655172,2.2995607669255347,1.4756274620886243,-0.0
0.9923076923076922,1.193103448275862,2.0929939102962045,1.325936002971595,-0.0
0.9923076923076922,1.2603448275862068,1.9234755569451916,1.1882352603853619,-0.0
0.9923076923076922,1.3275862068965516,1.7834276386820886,1.0621852283065891,-0.0
0.9923076923076922,1.3948275862068964,1.6670193773737725,0.9473264823867121,-0.0
0.9923076923076922,1.4620689655172414,1.5697235996943026,0.8431072360454149,-0.0
0.9923076923076922,1.5293103448275862,1.4879944318093463,0.7489092707591015,-0.0
0.9923076923076922,1.596551724137931,1.4190311505629414,0.6640716853578699,-0.0
0.9923076923076922,1.6637931034482758,1.360603701824647,0.5879117802698453,-0.0
0.9923076923076922,1.7310344827586206,1.3109227191893529,0.5197427252717768,-0.0
0.9923076923076922,1.7982758620689654,1.2685419119902104,0.45888793321763316,-0.0
0.9923076923076922,1.8655172413793102,1.2322841823987218,0.40469226973566247,-0.0
0.9923076923076922,1.9327586206896552,1.2011852702329437,0.3565303693622845,-0.0
0.9923076923076922,2.0,1.174450441101019,0.31381241038241914,-0.0
1.0666666666666667,0.05,68.65796692261448,5.098613781084893,-0.0
1.0666666666666667,0.11724137931034483,49.13882306837198,4.8495848319562995,-0.0
1.0666666666666667,0.18448275862068964,35.76709379541489,4.597139836048925,-0.0
1.0666666666666667,0.2517241379310345,26.481901422835705,4.342549896030334,-0.0
1.0666666666666667,0.3189655172413793,19.94637092737628,4.087204259750621,-0.0
1.0666666666666667,0.3862068965517241,15.283699696484508,3.83258094045491,-0.0
1.0666666666666667,0.45344827586206893,11.91240927785266,3.5802115077032677,-0.0
1.0666666666666667,0.5206896551724138,9.442539753689104,3.331641249437744,-0.0
1.0666666666666667,0.5879310344827586,7.609619361146857,3.088386504779272,-0.0
1.0666666666666667,0.6551724137931034,6.232257665020297,2.8518914622965847,-0.0
1.0666666666666667,0.7224137931034482,5.184645494888292,2.623487000774638,-0.0
1.0666666666666667,0.7896551724137931,4.378547013177069,2.404354154006416,-0.0
1.0666666666666667,0.8568965517241379,3.7513916482320226,2.195494478673954,-0.0
1.0666666666666667,0.9241379310344827,3.2583222264908867,1.9977090332301548,-0.0
1.0666666666666667,0.9913793103448276,2.866832826755693,1.8115869142132366,-0.0
1.0666666666666667,1.0586206896551724,2.553117637988944,1.6375034627480465,-0.0
1.0666666666666667,1.1258620689655172,2.2995607669255347,1.4756274620886243,-0.0
1.0666666666666667,1.193103448275862,2.0929939102962045,1.325936002971595,-0.0
1.0666666666666667,1.2603448275862068,1.9234755569451916,1.1882352603853619,-0.0
1.0666666666666667,1.3275862068965516,1.7834276386820886,1.0621852283065891,-0.0
1.0666666666666667,1.3948275862068964,1.6670193773737725,0.9473264823867121,-0.0
1.0666666666666667,1.4620689655172414,1.5697235996943026,0.8431072360454149,-0.0
1.0666666666666667,1.5293103448275862,1.4879944318093463,0.7489092707591015,-0.0
1.0666666666666667,1.596551724137931,1.4190311505629414,0.6640716853578699,-0.0
1.0666666666666667,1.6637931034482758,1.360603701824647,0.5879117802698453,-0.0
1.0666666666666667,1.7310344827586206,1.3109227191893529,0.5197427252717768,-0.0
1.0666666666666667,1.7982758620689654,1.2685419119902104,0.45888793321763316,-0.0
1.0666666666666667,1.8655172413793102,1.2322841823987218,0.40469226973566247,-0.0
1.0666666666666667,1.9327586206896552,1.2011852702329437,0.3565303693622845,-0.0
1.0666666666666667,2.0,1.174450441101019,0.31381241038241914,-0.0
1.1410256410256412,0.05,68.65796692261448,5.098613781084893,-0.0
1.1410256410256412,0.11724137931034483,49.13882306837198,4.8495848319562995,-0.0
1.1410256410256412,0.18448275862068964,35.76709379541489,4.597139836048925,-0.0
1.1410256410256412,0.2517241379310345,26.481901422835705,4.342549896030334,-0.0
1.1410256410256412,0.3189655172413793,19.94637092737628,4.087204259750621,-0.0
1.1410256410256412,0.3862068965517241,15.283699696484508,3.83258094045491,-0.0
1.1410256410256412,0.45344827586206893,11.91240927785266,3.5802115077032677,-0.0
1.1410256410256412,0.5206896551724138,9.442539753689104,3.331641249437744,-0.0
1.1410256410256412,0.5879310344827586,7.609619361146857,3.088386504779272,-0.0
1.1410256410256412,0.6551724137931034,6.232257665020297,2.8518914622965847,-0.0
1.1410256410256412,0.7224137931034482,5.184645494888292,2.623487000774638,-0.0
1.1410256410256412,0.7896551724137931,4.378547013177069,2.404354154006416,-0.0
1.1410256410256412,0.8568965517241379,3.7513916482320226,2.195494478673954,-0.0
1.1410256410256412,0.9241379310344827,3.2583222264908867,1.9977090332301548,-0.0
1.1410256410256412,0.9913793103448276,2.866832826755693,1.8115869142132366,-0.0
1.1410256410256412,1.0586206896551724,2.553117637988944,1.6375034627480465,-0.0
1.1410256410256412,1.1258620689655172,2.2995607669255347,1.4756274620886243,-0.0
1.1410256410256412,1.193103448275862,2.0929939102962045,1.325936002971595,-0.0
1.1410256410256412,1.2603448275862068,1.9234755569451916,1.1882352603853619,-0.0
1.1410256410256412,1.3275862068965516,1.7834276386820886,1.0621852283065891,-0.0
1.1410256410256412,1.3948275862068964,1.6670193773737725,0.9473264823867121,-0.0
1.1410256410256412,1.4620689655172414,1.5697235996943026,0.8431072360454149,-0.0
1.1410256410256412,1.5293103448275862,1.4879944318093463,0.7489092707591015,-0.0
1.1410256410256412,1.596551724137931,1.4190311505629414,0.6640716853578699,-0.0
1.1410256410256412,1.6637931034482758,1.360603701824647,0.5879117802698453,-0.0
1.1410256410256412,1.7310344827586206,1.3109227191893529,0.5197427252717768,-0.0
1.1410256410256412,1.7982758620689654,1.2685419119902104,0.45888793321763316,-0.0
1.1410256410256412,1.8655172413793102,1.2322841823987218,0.40469226973566247,-0.0
1.1410256410256412,1.9327586206896552,1.2011852702329437,0.3565303693622845,-0.0
1.1410256410256412,2.0,1.174450441101019,0.31381241038241914,-0.0
1.2153846153846155,0.05,68.65796692261448,5.098613781084893,-0.0
1.2153846153846155,0.11724137931034483,49.13882306837198,4.8495848319562995,-0.0
1.2153846153846155,0.18448275862068964,35.76709379541489,4.597139836048925,-0.0
1.2153846153846155,0.2517241379310345,26.481901422835705,4.342549896030334,-0.0
1.2153846153846155,0.3189655172413793,19.94637092737628,4.087204259750621,-0.0
1.2153846153846155,0.3862068965517241,15.283699696484508,3.83258094045491,-0.0
1.2153846153846155,0.45344827586206893,11.91240927785266,3.5802115077032677,-0.0
1.2153846153846155,0.5206896551724138,9.442539753689104,3.331641249437744,-0.0
1.2153846153846155,0.5879310344827586,7.609619361146857,3.088386504779272,-0.0
1.2153846153846155,0.6551724137931034,6.232257665020297,2.8518914622965847,-0.0
1.2153846153846155,0.7224137931034482,5.184645494888292,2.623487000774638,-0.0
1.2153846153846155,0.7896551724137931,4.378547013177069,2.404354154006416,-0.0
1.2153846153846155,0.8568965517241379,3.7513916482320226,2.195494478673954,-0.0
1.2153846153846155,0.9241379310344827,3.2583222264908867,1.9977090332301548,-0.0
1.2153846153846155,0.9913793103448276,2.866832826755693,1.8115869142132366,-0.0
1.2153846153846155,1.0586206896551724,2.553117637988944,1.6375034627480465,-0.0
1.2153846153846155,1.1258620689655172,2.2995607669255347,1.4756274620886243,-0.0
1.2153846153846155,1.193103448275862,2.0929939102962045,1.325936002971595,-0.0
1.2153846153846155,1.2603448275862068,1.9234755569451916,1.1882352603853619,-0.0
1.2153846153846155,1.3275862068965516,1.7834276386820886,1.0621852283065891,-0.0
1.2153846153846155,1.3948275862068964,1.6670193773737725,0.9473264823867121,-0.0
1.2153846153846155,1.4620689655172414,1.5697235996943026,0.8431072360454149,-0.0
1.2153846153846155,1.5293103448275862,1.4879944318093463,0.7489092707591015,-0.0
1.2153846153846155,1.596551724137931,1.4190311505629414,0.6640716853578699,-0.0
1.2153846153846155,1.6637931034482758,1.360603701824647,0.5879117802698453,-0.0
1.2153846153846155,1.7310344827586206,1.3109227191893529,0.5197427252717768,-0.0
1.2153846153846155,1.7982758620689654,1.2685419119902104,0.45888793321763316,-0.0
1.2153846153846155,1.8655172413793102,1.2322841823987218,0.40469226973566247,-0.0
1.2153846153846155,1.9327586206896552,1.2011852702329437,0.3565303693622845,-0.0
1.2153846153846155,2.0,1.174450441101019,0.31381241038241914,-0.0
1.2897435897435898,0.05,68.65796692261448,5.098613781084893,-0.0
1.2897435897435898,0.11724137931034483,49.13882306837198,4.8495848319562995,-0.0
1.2897435897435898,0.18448275862068964,35.76709379541489,4.597139836048925,-0.0
1.2897435897435898,0.2517241379310345,26.481901422835705,4.342549896030334,-0.0
1.2897435897435898,0.3189655172413793,19.94637092737628,4.087204259750621,-0.0
1.2897435897435898,0.3862068965517241,15.283699696484508,3.83258094045491,-0.0
1.2897435897435898,0.45344827586206893,11.91240927785266,3.5802115077032677,-0.0
1.2897435897435898,0.5206896551724138,9.442539753689104,3.331641249437744,-0.0
1.2897435897435898,0.5879310344827586,7.609619361146857,3.088386504779272,-0.0
1.2897435897435898,0.6551724137931034,6.232257665020297,2.8518914622965847,-0.0
1.2897435897435898,0.7224137931034482,5.184645494888292,2.623487000774638,-0.0
1.2897435897435898,0.7896551724137931,4.378547013177069,2.404354154006416,-0.0
1.2897435897435898,0.8568965517241379,3.7513916482320226,2.195494478673954,-0.0
1.2897435897435898,0.9241379310344827,3.2583222264908867,1.9977090332301548,-0.0
1.2897435897435898,0.9913793103448276,2.866832826755693,1.8115869142132366,-0.0
1.2897435897435898,1.0586206896551724,2.553117637988944,1.6375034627480465,-0.0
1.2897435897435898,1.1258620689655172,2.2995607669255347,1.4756274620886243,-0.0
1.2897435897435898,1.193103448275862,2.0929939102962045,1.325936002971595,-0.0
1.2897435897435898,1.2603448275862068,1.9234755569451916,1.1882352603853619,-0.0
1.2897435897435898,1.3275862068965516,1.7834276386820886,1.0621852283065891,-0.0
1.2897435897435898,1.3948275862068964,1.6670193773737725,0.9473264823867121,-0.0
1.2897435897435898,1.4620689655172414,1.5697235996943026,0.8431072360454149,-0.0
1.2897435897435898,1.5293103448275862,1.4879944318093463,0.7489092707591015,-0.0
1.2897435897435898,1.596551724137931,1.4190311505629414,0.6640716853578699,-0.0
1.2897435897435898,1.6637931034482758,1.360603701824647,0.5879117802698453,-0.0
1.2897435897435898,1.7310344827586206,1.3109227191893529,0.5197427252717768,-0.0
1.2897435897435898,1.7982758620689654,1.2685419119902104,0.45888793321763316,-0.0
1.2897435897435898,1.8655172413793102,1.2322841823987218,0.40469226973566247,-0.0
1.2897435897435898,1.9327586206896552,1.2011852702329437,0.3565303693622845,-0.0
1.2897435897435898,2.0,1.174450441101019,0.31381241038241914,-0.0
1.3641025641025641,0.05,68.65796692261448,5.098613781084893,-0.0
1.3641025641025641,0.11724137931034483,49.13882306837198,4.8495848319562995,-0.0
1.3641025641025641,0.18448275862068964,35.76709379541489,4.597139836048925,-0.0
1.3641025641025641,0.2517241379310345,26.481901422835705,4.342549896030334,-0.0
1.3641025641025641,0.3189655172413793,19.94637092737628,4.087204259750621,-0.0
1.3641025641025641,0.3862068965517241,15.283699696484508,3.83258094045491,-0.0
1.3641025641025641,0.45344827586206893,11.91240927785266,3.5802115077032677,-0.0
1.3641025641025641,0.5206896551724138,9.442539753689104,3.331641249437744,-0.0
1.3641025641025641,0.5879310344827586,7.609619361146857,3.088386504779272,-0.0
1.3641025641025641,0.6551724137931034,6.232257665020297,2.8518914622965847,-0.0
1.3641025641025641,0.7224137931034482,5.184645494888292,2.623487000774638,-0.0
1.3641025641025641,0.7896551724137931,4.378547013177069,2.404354154006416,-0.0
1.3641025641025641,0.8568965517241379,3.7513916482320226,2.195494478673954,-0.0
1.3641025641025641,0.9241379310344827,3.2583222264908867,1.9977090332301548,-0.0
1.3641025641025641,0.9913793103448276,2.866832826755693,1.8115869142132366,-0.0
1.3641025641025641,1.0586206896551724,2.553117637988944,1.6375034627480465,-0.0
1.3641025641025641,1.1258620689655172,2.2995607669255347,1.4756274620886243,-0.0
1.3641025641025641,1.193103448275862,2.0929939102962045,1.325936002971595,-0.0
1.3641025641025641,1.2603448275862068,1.9234755569451916,1.1882352603853619,-0.0
1.3641025641025641,1.3275862068965516,1.7834276386820886,1.0621852283065891,-0.0
1.3641025641025641,1.3948275862068964,1.6670193773737725,0.9473264823867121,-0.0
1.3641025641025641,1.4620689655172414,1.5697235996943026,0.8431072360454149,-0.0
1.3641025641025641,1.5293103448275862,1.4879944318093463,0.7489092707591015,-0.0
1.3641025641025641,1.596551724137931,1.4190311505629414,0.6640716853578699,-0.0
1.3641025641025641,1.6637931034482758,1.360603701824647,0.5879117802698453,-0.0
1.3641025641025641,1.7310344827586206,1.3109227191893529,0.5197427252717768,-0.0
1.3641025641025641,1.7982758620689654,1.2685419119902104,0.45888793321763316,-0.0
1.3641025641025641,1.8655172413793102,1.2322841823987218,0.40469226973566247,-0.0
1.3641025641025641,1.9327586206896552,1.2011852702329437,0.3565303693622845,-0.0
1.3641025641025641,2.0,1.174450441101019,0.31381241038241914,-0.0
1.4384615384615385,0.05,68.65796692261448,5.098613781084893,-0.0
1.4384615384615385,0.11724137931034483,49.13882306837198,4.8495848319562995,-0.0
1.4384615384615385,0.18448275862068964,35.76709379541489,4.597139836048925,-0.0
1.4384615384615385,0.2517241379310345,26.481901422835705,4.342549896030334,-0.0
1.4384615384615385,0.3189655172413793,19.94637092737628,4.087204259750621,-0.0
1.4384615384615385,0.3862068965517241,15.283699696484508,3.83258094045491,-0.0
1.4384615384615385,0.45344827586206893,11.91240927785266,3.5802115077032677,-0.0
1.4384615384615385,0.5206896551724138,9.442539753689104,3.331641249437744,-0.0
1.4384615384615385,0.5879310344827586,7.609619361146857,3.088386504779272,-0.0
1.4384615384615385,0.6551724137931034,6.232257665020297,2.8518914622965847,-0.0
1.4384615384615385,0.7224137931034482,5.184645494888292,2.623487000774638,-0.0
1.4384615384615385,0.7896551724137931,4.378547013177069,2.404354154006416,-0.0
1.4384615384615385,0.8568965517241379,3.7513916482320226,2.195494478673954,-0.0
1.4384615384615385,0.9241379310344827,3.2583222264908867,1.9977090332301548,-0.0
1.4384615384615385,0.9913793103448276,2.866832826755693,1.8115869142132366,-0.0
1.4384615384615385,1.0586206896551724,2.553117637988944,1.6375034627480465,-0.0
1.4384615384615385,1.1258620689655172,2.2995607669255347,1.4756274620886243,-0.0
1.4384615384615385,1.193103448275862,2.0929939102962045,1.325936002971595,-0.0
1.4384615384615385,1.2603448275862068,1.9234755569451916,1.1882352603853619,-0.0
1.4384615384615385,1.3275862068965516,1.7834276386820886,1.0621852283065891,-0.0
1.4384615384615385,1.3948275862068964,1.6670193773737725,0.9473264823867121,-0.0
1.4384615384615385,1.4620689655172414,1.5697235996943026,0.8431072360454149,-0.0
1.4384615384615385,1.5293103448275862,1.4879944318093463,0.7489092707591015,-0.0
1.4384615384615385,1.596551724137931,1.4190311505629414,0.6640716853578699,-0.0
1.4384615384615385,1.6637931034482758,1.360603701824647,0.5879117802698453,-0.0
1.4384615384615385,1.7310344827586206,1.3109227191893529,0.5197427252717768,-0.0
1.4384615384615385,1.7982758620689654,1.2685419119902104,0.45888793321763316,-0.0
1.4384615384615385,1.8655172413793102,1.2322841823987218,0.40469226973566247,-0.0
1.4384615384615385,1.9327586206896552,1.2011852702329437,0.3565303693622845,-0.0
1.4384615384615385,2.0,1.174450441101019,0.31381241038241914,-0.0
1.512820512820513,0.05,68.65796692261448,5.098613781084893,-0.0
1.512820512820513,0.11724137931034483,49.13882306837198,4.8495848319562995,-0.0
1.512820512820513,0.18448275862068964,35.76709379541489,4.597139836048925,-0.0
1.512820512820513,0.2517241379310345,26.481901422835705,4.342549896030334,-0.0
1.512820512820513,0.3189655172413793,19.94637092737628,4.087204259750621,-0.0
1.512820512820513,0.3862068965517241,15.283699696484508,3.83258094045491,-0.0
1.512820512820513,0.45344827586206893,11.91240927785266,3.5802115077032677,-0.0
1.512820512820513,0.5206896551724138,9.442539753689104,3.331641249437744,-0.0
1.512820512820513,0.5879310344827586,7.609619361146857,3.088386504779272,-0.0
1.512820512820513,0.6551724137931034,6.232257665020297,2.8518914622965847,-0.0
1.512820512820513,0.7224137931034482,5.184645494888292,2.623487000774638,-0.0
1.512820512820513,0.7896551724137931,4.378547013177069,2.404354154006416,-0.0
1.512820512820513,0.8568965517241379,3.7513916482320226,2.195494478673954,-0.0
1.512820512820513,0.9241379310344827,3.2583222264908867,1.9977090332301548,-0.0
1.512820512820513,0.9913793103448276,2.866832826755693,1.8115869142132366,-0.0
1.512820512820513,1.0586206896551724,2.553117637988944,1.6375034627480465,-0.0
1.512820512820513,1.1258620689655172,2.2995607669255347,1.4756274620886243,-0.0
1.512820512820513,1.193103448275862,2.0929939102962045,1.325936002971595,-0.0
1.512820512820513,1.2603448275862068,1.9234755569451916,1.1882352603853619,-0.0
1.512820512820513,1.3275862068965516,1.7834276386820886,1.0621852283065891,-0.0
1.512820512820513,1.3948275862068964,1.6670193773737725,0.9473264823867121,-0.0
1.512820512820513,1.4620689655172414,1.5697235996943026,0.8431072360454149,-0.0
1.512820512820513,1.5293103448275862,1.4879944318093463,0.7489092707591015,-0.0
1.512820512820513,1.596551724137931,1.4190311505629414,0.6640716853578699,-0.0
1.512820512820513,1.6637931034482758,1.360603701824647,0.5879117802698453,-0.0
1.512820512820513,1.7310344827586206,1.3109227191893529,0.5197427252717768,-0.0
1.512820512820513,1.7982758620689654,1.2685419119902104,0.45888793321763316,-0.0
1.512820512820513,1.8655172413793102,1.2322841823987218,0.40469226973566247,-0.0
1.512820512820513,1.9327586206896552,1.2011852702329437,0.3565303693622845,-0.0
1.512820512820513,2.0,1.174450441101019,0.31381241038241914,-0.0
1.5871794871794873,0.05,68.65796692261448,5.098613781084893,-0.0
1.5871794871794873,0.11724137931034483,49.13882306837198,4.8495848319562995,-0.0
1.5871794871794873,0.18448275862068964,35.76709379541489,4.597139836048925,-0.0
1.5871794871794873,0.2517241379310345,26.481901422835705,4.342549896030334,-0.0
1.5871794871794873,0.3189655172413793,19.94637092737628,4.087204259750621,-0.0
1.5871794871794873,0.3862068965517241,15.283699696484508,3.83258094045491,-0.0
1.5871794871794873,0.45344827586206893,11.91240927785266,3.5802115077032677,-0.0
1.5871794871794873,0.5206896551724138,9.442539753689104,3.331641249437744,-0.0
1.5871794871794873,0.5879310344827586,7.609619361146857,3.088386504779272,-0.0
1.5871794871794873,0.6551724137931034,6.232257665020297,2.8518914622965847,-0.0
1.5871794871794873,0.7224137931034482,5.184645494888292,2.623487000774638,-0.0
1.5871794871794873,0.7896551724137931,4.378547013177069,2.404354154006416,-0.0
1.5871794871794873,0.8568965517241379,3.7513916482320226,2.195494478673954,-0.0
1.5871794871794873,0.9241379310344827,3.2583222264908867,1.9977090332301548,-0.0
1.5871794871794873,0.9913793103448276,2.866832826755693,1.8115869142132366,-0.0
1.5871794871794873,1.0586206896551724,2.553117637988944,1.6375034627480465,-0.0
1.5871794871794873,1.1258620689655172,2.2995607669255347,1.4756274620886243,-0.0
1.5871794871794873,1.193103448275862,2.0929939102962045,1.325936002971595,-0.0
1.5871794871794873,1.2603448275862068,1.9234755569451916,1.1882352603853619,-0.0
1.5871794871794873,1.3275862068965516,1.7834276386820886,1.0621852283065891,-0.0
1.5871794871794873,1.3948275862068964,1.6670193773737725,0.9473264823867121,-0.0
1.5871794871794873,1.4620689655172414,1.5697235996943026,0.8431072360454149,-0.0
1.5871794871794873,1.5293103448275862,1.4879944318093463,0.7489092707591015,-0.0
1.5871794871794873,1.596551724137931,1.4190311505629414,0.6640716853578699,-0.0
1.5871794871794873,1.6637931034482758,1.360603701824647,0.5879117802698453,-0.0
1.5871794871794873,1.7310344827586206,1.3109227191893529,0.5197427252717768,-0.0
1.5871794871794873,1.7982758620689654,1.2685419119902104,0.45888793321763316,-0.0
1.5871794871794873,1.8655172413793102,1.2322841823987218,0.40469226973566247,-0.0
1.5871794871794873,1.9327586206896552,1.2011852702329437,0.3565303693622845,-0.0
1.5871794871794873,2.0,1.174450441101019,0.31381241038241914,-0.0
1.6615384615384616,0.05,68.65796692261448,5.098613781084893,-0.0
1.6615384615384616,0.11724137931034483,49.13882306837198,4.8495848319562995,-0.0
1.6615384615384616,0.18448275862068964,35.76709379541489,4.597139836048925,-0.0
1.6615384615384616,0.2517241379310345,26.481901422835705,4.342549896030334,-0.0
1.6615384615384616,0.3189655172413793,19.94637092737628,4.087204259750621,-0.0
1.6615384615384616,0.3862068965517241,15.283699696484508,3.83258094045491,-0.0
1.6615384615384616,0.45344827586206893,11.91240927785266,3.5802115077032677,-0.0
1.6615384615384616,0.5206896551724138,9.442539753689104,3.331641249437744,-0.0
1.6615384615384616,0.5879310344827586,7.609619361146857,3.088386504779272,-0.0
1.6615384615384616,0.6551724137931034,6.232257665020297,2.8518914622965847,-0.0
1.6615384615384616,0.7224137931034482,5.184645494888292,2.623487000774638,-0.0
1.6615384615384616,0.7896551724137931,4.378547013177069,2.404354154006416,-0.0
1.6615384615384616,0.8568965517241379,3.7513916482320226,2.195494478673954,-0.0
1.6615384615384616,0.9241379310344827,3.2583222264908867,1.9977090332301548,-0.0
1.6615384615384616,0.9913793103448276,2.866832826755693,1.8115869142132366,-0.0
1.6615384615384616,1.0586206896551724,2.553117637988944,1.6375034627480465,-0.0
1.6615384615384616,1.1258620689655172,2.2995607669255347,1.4756274620886243,-0.0
1.6615384615384616,1.193103448275862,2.0929939102962045,1.325936002971595,-0.0
1.6615384615384616,1.2603448275862068,1.9234755569451916,1.1882352603853619,-0.0
1.6615384615384616,1.3275862068965516,1.7834276386820886,1.0621852283065891,-0.0
1.6615384615384616,1.3948275862068964,1.6670193773737725,0.9473264823867121,-0.0
1.6615384615384616,1.4620689655172414,1.5697235996943026,0.8431072360454149,-0.0
1.6615384615384616,1.5293103448275862,1.4879944318093463,0.7489092707591015,-0.0
1.6615384615384616,1.596551724137931,1.4190311505629414,0.6640716853578699,-0.0
1.6615384615384616,1.6637931034482758,1.360603701824647,0.5879117802698453,-0.0
1.6615384615384616,1.7310344827586206,1.3109227191893529,0.5197427252717768,-0.0
1.6615384615384616,1.7982758620689654,1.2685419119902104,0.45888793321763316,-0.0
1.6615384615384616,1.8655172413793102,1.2322841823987218,0.40469226973566247,-0.0
1.6615384615384616,1.9327586206896552,1.2011852702329437,0.3565303693622845,-0.0
1.6615384615384616,2.0,1.174450441101019,0.31381241038241914,-0.0
1.735897435897436,0.05,68.65796692261448,5.098613781084893,-0.0
1.735897435897436,0.11724137931034483,49.13882306837198,4.8495848319562995,-0.0
1.735897435897436,0.18448275862068964,35.76709379541489,4.597139836048925,-0.0
1.735897435897436,0.2517241379310345,26.481901422835705,4.342549896030334,-0.0
1.735897435897436,0.3189655172413793,19.94637092737628,4.087204259750621,-0.0
1.735897435897436,0.3862068965517241,15.283699696484508,3.83258094045491,-0.0
1.735897435897436,0.45344827586206893,11.91240927785266,3.5802115077032677,-0.0
1.735897435897436,0.5206896551724138,9.442539753689104,3.331641249437744,-0.0
1.735897435897436,0.5879310344827586,7.609619361146857,3.088386504779272,-0.0
1.735897435897436,0.6551724137931034,6.232257665020297,2.8518914622965847,-0.0
1.735897435897436,0.7224137931034482,5.184645494888292,2.623487000774638,-0.0
1.735897435897436,0.7896551724137931,4.378547013177069,2.404354154006416,-0.0
1.735897435897436,0.8568965517241379,3.7513916482320226,2.195494478673954,-0.0
1.735897435897436,0.9241379310344827,3.2583222264908867,1.9977090332301548,-0.0
1.735897435897436,0.9913793103448276,2.866832826755693,1.8115869142132366,-0.0
1.735897435897436,1.0586206896551724,2.553117637988944,1.6375034627480465,-0.0
1.735897435897436,1.1258620689655172,2.2995607669255347,1.4756274620886243,-0.0
1.735897435897436,1.193103448275862,2.0929939102962045,1.325936002971595,-0.0
1.735897435897436,1.2603448275862068,1.9234755569451916,1.1882352603853619,-0.0
1.735897435897436,1.3275862068965516,1.7834276386820886,1.0621852283065891,-0.0
1.735897435897436,1.3948275862068964,1.6670193773737725,0.9473264823867121,-0.0
1.735897435897436,1.4620689655172414,1.5697235996943026,0.8431072360454149,-0.0
1.735897435897436,1.5293103448275862,1.4879944318093463,0.7489092707591015,-0.0
1.735897435897436,1.596551724137931,1.4190311505629414,0.6640716853578699,-0.0
1.735897435897436,1.6637931034482758,1.360603701824647,0.5879117802698453,-0.0
1.735897435897436,1.7310344827586206,1.3109227191893529,0.5197427252717768,-0.0
1.735897435897436,1.7982758620689654,1.2685419119902104,0.45888793321763316,-0.0
1.735897435897436,1.8655172413793102,1.2322841823987218,0.40469226973566247,-0.0
1.735897435897436,1.9327586206896552,1.2011852702329437,0.3565303693622845,-0.0
1.735897435897436,2.0,1.174450441101019,0.31381241038241914,-0.0
1.8102564102564103,0.05,68.65796692261448,5.098613781084893,-0.0
1.8102564102564103,0.11724137931034483,49.13882306837198,4.8495848319562995,-0.0
1.8102564102564103,0.18448275862068964,35.76709379541489,4.597139836048925,-0.0
1.8102564102564103,0.2517241379310345,26.481901422835705,4.342549896030334,-0.0
1.8102564102564103,0.3189655172413793,19.94637092737628,4.087204259750621,-0.0
1.8102564102564103,0.3862068965517241,15.283699696484508,3.83258094045491,-0.0
1.8102564102564103,0.45344827586206893,11.91240927785266,3.5802115077032677,-0.0
1.8102564102564103,0.5206896551724138,9.442539753689104,3.331641249437744,-0.0
1.8102564102564103,0.5879310344827586,7.609619361146857,3.088386504779272,-0.0
1.8102564102564103,0.6551724137931034,6.232257665020297,2.8518914622965847,-0.0
1.8102564102564103,0.7224137931034482,5.184645494888292,2.623487000774638,-0.0
1.8102564102564103,0.7896551724137931,4.378547013177069,2.404354154006416,-0.0
1.8102564102564103,0.8568965517241379,3.7513916482320226,2.195494478673954,-0.0
1.8102564102564103,0.9241379310344827,3.2583222264908867,1.9977090332301548,-0.0
1.8102564102564103,0.9913793103448276,2.866832826755693,1.8115869142132366,-0.0
1.8102564102564103,1.0586206896551724,2.553117637988944,1.6375034627480465,-0.0
1.8102564102564103,1.1258620689655172,2.2995607669255347,1.4756274620886243,-0.0
1.8102564102564103,1.193103448275862,2.0929939102962045,1.325936002971595,-0.0
1.8102564102564103,1.2603448275862068,1.9234755569451916,1.1882352603853619,-0.0
1.8102564102564103,1.3275862068965516,1.7834276386820886,1.0621852283065891,-0.0
1.8102564102564103,1.3948275862068964,1.6670193773737725,0.9473264823867121,-0.0
1.8102564102564103,1.4620689655172414,1.5697235996943026,0.8431072360454149,-0.0
1.8102564102564103,1.5293103448275862,1.4879944318093463,0.7489092707591015,-0.0
1.8102564102564103,1.596551724137931,1.4190311505629414,0.6640716853578699,-0.0
1.8102564102564103,1.6637931034482758,1.360603701824647,0.5879117802698453,-0.0
1.8102564102564103,1.7310344827586206,1.3109227191893529,0.5197427252717768,-0.0
1.8102564102564103,1.7982758620689654,1.2685419119902104,0.45888793321763316,-0.0
1.8102564102564103,1.8655172413793102,1.2322841823987218,0.40469226973566247,-0.0
1.8102564102564103,1.9327586206896552,1.2011852702329437,0.3565303693622845,-0.0
1.8102564102564103,2.0,1.174450441101019,0.31381241038241914,-0.0
1.8846153846153846,0.05,68.65796692261448,5.098613781084893,-0.0
1.8846153846153846,0.11724137931034483,49.13882306837198,4.8495848319562995,-0.0
1.8846153846153846,0.18448275862068964,35.76709379541489,4.597139836048925,-0.0
1.8846153846153846,0.2517241379310345,26.481901422835705,4.342549896030334,-0.0
1.8846153846153846,0.3189655172413793,19.94637092737628,4.087204259750621,-0.0
1.8846153846153846,0.3862068965517241,15.283699696484508,3.83258094045491,-0.0
1.8846153846153846,0.45344827586206893,11.91240927785266,3.5802115077032677,-0.0
1.8846153846153846,0.5206896551724138,9.442539753689104,3.331641249437744,-0.0
1.8846153846153846,0.5879310344827586,7.609619361146857,3.088386504779272,-0.0
1.8846153846153846,0.6551724137931034,6.232257665020297,2.8518914622965847,-0.0
1.8846153846153846,0.7224137931034482,5.184645494888292,2.623487000774638,-0.0
1.8846153846153846,0.7896551724137931,4.378547013177069,2.404354154006416,-0.0
1.8846153846153846,0.8568965517241379,3.7513916482320226,2.195494478673954,-0.0
1.8846153846153846,0.9241379310344827,3.2583222264908867,1.9977090332301548,-0.0
1.8846153846153846,0.9913793103448276,2.866832826755693,1.8115869142132366,-0.0
1.8846153846153846,1.0586206896551724,2.553117637988944,1.6375034627480465,-0.0
1.8846153846153846,1.1258620689655172,2.2995607669255347,1.4756274620886243,-0.0
1.8846153846153846,1.193103448275862,2.0929939102962045,1.325936002971595,-0.0
1.8846153846153846,1.2603448275862068,1.9234755569451916,1.1882352603853619,-0.0
1.8846153846153846,1.3275862068965516,1.7834276386820886,1.0621852283065891,-0.0
1.8846153846153846,1.3948275862068964,1.6670193773737725,0.9473264823867121,-0.0
1.8846153846153846,1.4620689655172414,1.5697235996943026,0.8431072360454149,-0.0
1.8846153846153846,1.5293103448275862,1.4879944318093463,0.7489092707591015,-0.0
1.8846153846153846,1.596551724137931,1.4190311505629414,0.6640716853578699,-0.0
1.8846153846153846,1.6637931034482758,1.360603701824647,0.5879117802698453,-0.0
1.8846153846153846,1.7310344827586206,1.3109227191893529,0.5197427252717768,-0.0
1.8846153846153846,1.7982758620689654,1.2685419119902104,0.45888793321763316,-0.0
1.8846153846153846,1.8655172413793102,1.2322841823987218,0.40469226973566247,-0.0
1.8846153846153846,1.9327586206896552,1.2011852702329437,0.3565303693622845,-0.0
1.8846153846153846,2.0,1.174450441101019,0.31381241038241914,-0.0
1.9589743589743591,0.05,68.65796692261448,5.098613781084893,-0.0
1.9589743589743591,0.11724137931034483,49.13882306837198,4.8495848319562995,-0.0
1.9589743589743591,0.18448275862068964,35.76709379541489,4.597139836048925,-0.0
1.9589743589743591,0.2517241379310345,26.481901422835705,4.342549896030334,-0.0
1.9589743589743591,0.3189655172413793,19.94637092737628,4.087204259750621,-0.0
1.9589743589743591,0.3862068965517241,15.283699696484508,3.83258094045491,-0.0
1.9589743589743591,0.45344827586206893,11.91240927785266,3.5802115077032677,-0.0
1.9589743589743591,0.5206896551724138,9.442539753689104,3.331641249437744,-0.0
1.9589743589743591,0.5879310344827586,7.609619361146857,3.088386504779272,-0.0
1.9589743589743591,0.6551724137931034,6.232257665020297,2.8518914622965847,-0.0
1.9589743589743591,0.7224137931034482,5.184645494888292,2.623487000774638,-0.0
1.9589743589743591,0.7896551724137931,4.378547013177069,2.404354154006416,-0.0
1.9589743589743591,0.8568965517241379,3.7513916482320226,2.195494478673954,-0.0
1.9589743589743591,0.9241379310344827,3.2583222264908867,1.9977090332301548,-0.0
1.9589743589743591,0.9913793103448276,2.866832826755693,1.8115869142132366,-0.0
1.9589743589743591,1.0586206896551724,2.553117637988944,1.6375034627480465,-0.0
1.9589743589743591,1.1258620689655172,2.2995607669255347,1.4756274620886243,-0.0
1.9589743589743591,1.193103448275862,2.0929939102962045,1.325936002971595,-0.0
1.9589743589743591,1.2603448275862068,1.9234755569451916,1.1882352603853619,-0.0
1.9589743589743591,1.3275862068965516,1.7834276386820886,1.0621852283065891,-0.0
1.9589743589743591,1.3948275862068964,1.6670193773737725,0.9473264823867121,-0.0
1.9589743589743591,1.4620689655172414,1.5697235996943026,0.8431072360454149,-0.0
1.9589743589743591,1.5293103448275862,1.4879944318093463,0.7489092707591015,-0.0
1.9589743589743591,1.596551724137931,1.4190311505629414,0.6640716853578699,-0.0
1.9589743589743591,1.6637931034482758,1.360603701824647,0.5879117802698453,-0.0
1.9589743589743591,1.7310344827586206,1.3109227191893529,0.5197427252717768,-0.0
1.9589743589743591,1.7982758620689654,1.2685419119902104,0.45888793321763316,-0.0
1.9589743589743591,1.8655172413793102,1.2322841823987218,0.40469226973566247,-0.0
1.9589743589743591,1.9327586206896552,1.2011852702329437,0.3565303693622845,-0.0
1.9589743589743591,2.0,1.174450441101019,0.31381241038241914,-0.0
2.033333333333333,0.05,68.65796692261448,5.098613781084893,-0.0
2.033333333333333,0.11724137931034483,49.13882306837198,4.8495848319562995,-0.0
2.033333333333333,0.18448275862068964,35.76709379541489,4.597139836048925,-0.0
2.033333333333333,0.2517241379310345,26.481901422835705,4.342549896030334,-0.0
2.033333333333333,0.3189655172413793,19.94637092737628,4.087204259750621,-0.0
2.033333333333333,0.3862068965517241,15.283699696484508,3.83258094045491,-0.0
2.033333333333333,0.45344827586206893,11.91240927785266,3.5802115077032677,-0.0
2.033333333333333,0.5206896551724138,9.442539753689104,3.331641249437744,-0.0
2.033333333333333,0.5879310344827586,7.609619361146857,3.088386504779272,-0.0
2.033333333333333,0.6551724137931034,6.232257665020297,2.8518914622965847,-0.0
2.033333333333333,0.7224137931034482,5.184645494888292,2.623487000774638,-0.0
2.033333333333333,0.7896551724137931,4.378547013177069,2.404354154006416,-0.0
2.033333333333333,0.8568965517241379,3.7513916482320226,2.195494478673954,-0.0
2.033333333333333,0.9241379310344827,3.2583222264908867,1.9977090332301548,-0.0
2.033333333333333,0.9913793103448276,2.866832826755693,1.8115869142132366,-0.0
2.033333333333333,1.0586206896551724,2.553117637988944,1.6375034627480465,-0.0
2.033333333333333,1.1258620689655172,2.2995607669255347,1.4756274620886243,-0.0
2.033333333333333,1.193103448275862,2.0929939102962045,1.325936002971595,-0.0
2.033333333333333,1.2603448275862068,1.9234755569451916,1.1882352603853619,-0.0
2.033333333333333,1.3275862068965516,1.7834276386820886,1.0621852283065891,-0.0
2.033333333333333,1.3948275862068964,1.6670193773737725,0.9473264823867121,-0.0
2.033333333333333,1.4620689655172414,1.5697235996943026,0.8431072360454149,-0.0
2.033333333333333,1.5293103448275862,1.4879944318093463,0.7489092707591015,-0.0
2.033333333333333,1.596551724137931,1.4190311505629414,0.6640716853578699,-0.0
2.033333333333333,1.6637931034482758,1.360603701824647,0.5879117802698453,-0.0
2.033333333333333,1.7310344827586206,1.3109227191893529,0.5197427252717768,-0.0
2.033333333333333,1.7982758620689654,1.2685419119902104,0.45888793321763316,-0.0
2.033333333333333,1.8655172413793102,1.2322841823987218,0.40469226973566247,-0.0
2.033333333333333,1.9327586206896552,1.2011852702329437,0.3565303693622845,-0.0
2.033333333333333,2.0,1.174450441101019,0.31381241038241914,-0.0
2.1076923076923078,0.05,68.65796692261448,5.098613781084893,-0.0
2.1076923076923078,0.11724137931034483,49.13882306837198,4.8495848319562995,-0.0
2.1076923076923078,0.18448275862068964,35.76709379541489,4.597139836048925,-0.0
2.1076923076923078,0.2517241379310345,26.481901422835705,4.342549896030334,-0.0
2.1076923076923078,0.3189655172413793,19.94637092737628,4.087204259750621,-0.0
2.1076923076923078,0.3862068965517241,15.283699696484508,3.83258094045491,-0.0
2.1076923076923078,0.45344827586206893,11.91240927785266,3.5802115077032677,-0.0
2.1076923076923078,0.5206896551724138,9.442539753689104,3.331641249437744,-0.0
2.1076923076923078,0.5879310344827586,7.609619361146857,3.088386504779272,-0.0
2.1076923076923078,0.6551724137931034,6.232257665020297,2.8518914622965847,-0.0
2.1076923076923078,0.7224137931034482,5.184645494888292,2.623487000774638,-0.0
2.1076923076923078,0.7896551724137931,4.378547013177069,2.404354154006416,-0.0
2.1076923076923078,0.8568965517241379,3.7513916482320226,2.195494478673954,-0.0
2.1076923076923078,0.9241379310344827,3.2583222264908867,1.9977090332301548,-0.0
2.1076923076923078,0.9913793103448276,2.866832826755693,1.8115869142132366,-0.0
2.1076923076923078,1.0586206896551724,2.553117637988944,1.6375034627480465,-0.0
2.1076923076923078,1.1258620689655172,2.2995607669255347,1.4756274620886243,-0.0
2.1076923076923078,1.193103448275862,2.0929939102962045,1.325936002971595,-0.0
2.1076923076923078,1.2603448275862068,1.9234755569451916,1.1882352603853619,-0.0
2.1076923076923078,1.3275862068965516,1.7834276386820886,1.0621852283065891,-0.0
2.1076923076923078,1.3948275862068964,1.6670193773737725,0.9473264823867121,-0.0
2.1076923076923078,1.4620689655172414,1.5697235996943026,0.8431072360454149,-0.0
2.1076923076923078,1.5293103448275862,1.4879944318093463,0.7489092707591015,-0.0
2.1076923076923078,1.596551724137931,1.4190311505629414,0.6640716853578699,-0.0
2.1076923076923078,1.6637931034482758,1.360603701824647,0.5879117802698453,-0.0
2.1076923076923078,1.7310344827586206,1.3109227191893529,0.5197427252717768,-0.0
2.1076923076923078,1.7982758620689654,1.2685419119902104,0.45888793321763316,-0.0
2.1076923076923078,1.8655172413793102,1.2322841823987218,0.40469226973566247,-0.0
2.1076923076923078,1.9327586206896552,1.2011852702329437,0.3565303693622845,-0.0
2.1076923076923078,2.0,1.174450441101019,0.31381241038241914,-0.0
2.1820512820512823,0.05,68.65796692261448,5.098613781084893,-0.0
2.1820512820512823,0.11724137931034483,49.13882306837198,4.8495848319562995,-0.0
2.1820512820512823,0.18448275862068964,35.76709379541489,4.597139836048925,-0.0
2.1820512820512823,0.2517241379310345,26.481901422835705,4.342549896030334,-0.0
2.1820512820512823,0.3189655172413793,19.94637092737628,4.087204259750621,-0.0
2.1820512820512823,0.3862068965517241,15.283699696484508,3.83258094045491,-0.0
2.1820512820512823,0.45344827586206893,11.91240927785266,3.5802115077032677,-0.0
2.1820512820512823,0.5206896551724138,9.442539753689104,3.331641249437744,-0.0
2.1820512820512823,0.5879310344827586,7.609619361146857,3.088386504779272,-0.0
2.1820512820512823,0.6551724137931034,6.232257665020297,2.8518914622965847,-0.0
2.1820512820512823,0.7224137931034482,5.184645494888292,2.623487000774638,-0.0
2.1820512820512823,0.7896551724137931,4.378547013177069,2.404354154006416,-0.0
2.1820512820512823,0.8568965517241379,3.7513916482320226,2.195494478673954,-0.0
2.1820512820512823,0.9241379310344827,3.2583222264908867,1.9977090332301548,-0.0
2.1820512820512823,0.9913793103448276,2.866832826755693,1.8115869142132366,-0.0
2.1820512820512823,1.0586206896551724,2.553117637988944,1.6375034627480465,-0.0
2.1820512820512823,1.1258620689655172,2.2995607669255347,1.4756274620886243,-0.0
2.1820512820512823,1.193103448275862,2.0929939102962045,1.325936002971595,-0.0
2.1820512820512823,1.2603448275862068,1.9234755569451916,1.1882352603853619,-0.0
2.1820512820512823,1.3275862068965516,1.7834276386820886,1.0621852283065891,-0.0
2.1820512820512823,1.3948275862068964,1.6670193773737725,0.9473264823867121,-0.0
2.1820512820512823,1.4620689655172414,1.5697235996943026,0.8431072360454149,-0.0
2.1820512820512823,1.5293103448275862,1.4879944318093463,0.7489092707591015,-0.0
2.1820512820512823,1.596551724137931,1.4190311505629414,0.6640716853578699,-0.0
2.1820512820512823,1.6637931034482758,1.360603701824647,0.5879117802698453,-0.0
2.1820512820512823,1.7310344827586206,1.3109227191893529,0.5197427252717768,-0.0
2.1820512820512823,1.7982758620689654,1.2685419119902104,0.45888793321763316,-0.0
2.1820512820512823,1.8655172413793102,1.2322841823987218,0.40469226973566247,-0.0
2.1820512820512823,1.9327586206896552,1.2011852702329437,0.3565303693622845,-0.0
2.1820512820512823,2.0,1.174450441101019,0.31381241038241914,-0.0
2.2564102564102564,0.05,68.65796692261448,5.098613781084893,-0.0
2.2564102564102564,0.11724137931034483,49.13882306837198,4.8495848319562995,-0.0
2.2564102564102564,0.18448275862068964,35.76709379541489,4.597139836048925,-0.0
2.2564102564102564,0.2517241379310345,26.481901422835705,4.342549896030334,-0.0
2.2564102564102564,0.3189655172413793,19.94637092737628,4.087204259750621,-0.0
2.2564102564102564,0.3862068965517241,15.283699696484508,3.83258094045491,-0.0
2.2564102564102564,0.45344827586206893,11.91240927785266,3.5802115077032677,-0.0
2.2564102564102564,0.5206896551724138,9.442539753689104,3.331641249437744,-0.0
2.2564102564102564,0.5879310344827586,7.609619361146857,3.088386504779272,-0.0
2.2564102564102564,0.6551724137931034,6.232257665020297,2.8518914622965847,-0.0
2.2564102564102564,0.7224137931034482,5.184645494888292,2.623487000774638,-0.0
2.2564102564102564,0.7896551724137931,4.378547013177069,2.404354154006416,-0.0
2.2564102564102564,0.8568965517241379,3.7513916482320226,2.195494478673954,-0.0
2.2564102564102564,0.9241379310344827,3.2583222264908867,1.9977090332301548,-0.0
2.2564102564102564,0.9913793103448276,2.866832826755693,1.8115869142132366,-0.0
2.2564102564102564,1.0586206896551724,2.553117637988944,1.6375034627480465,-0.0
2.2564102564102564,1.1258620689655172,2.2995607669255347,1.4756274620886243,-0.0
2.2564102564102564,1.193103448275862,2.0929939102962045,1.325936002971595,-0.0
2.2564102564102564,1.2603448275862068,1.9234755569451916,1.1882352603853619,-0.0
2.2564102564102564,1.3275862068965516,1.7834276386820886,1.0621852283065891,-0.0
2.2564102564102564,1.3948275862068964,1.6670193773737725,0.9473264823867121,-0.0
2.2564102564102564,1.4620689655172414,1.5697235996943026,0.8431072360454149,-0.0
2.2564102564102564,1.5293103448275862,1.4879944318093463,0.7489092707591015,-0.0
2.2564102564102564,1.596551724137931,1.4190311505629414,0.6640716853578699,-0.0
2.2564102564102564,1.6637931034482758,1.360603701824647,0.5879117802698453,-0.0
2.2564102564102564,1.7310344827586206,1.3109227191893529,0.5197427252717768,-0.0
2.2564102564102564,1.7982758620689654,1.2685419119902104,0.45888793321763316,-0.0
2.2564102564102564,1.8655172413793102,1.2322841823987218,0.40469226973566247,-0.0
2.2564102564102564,1.9327586206896552,1.2011852702329437,0.3565303693622845,-0.0
2.2564102564102564,2.0,1.174450441101019,0.31381241038241914,-0.0
2.330769230769231,0.05,68.65796692261448,5.098613781084893,-0.0
2.330769230769231,0.11724137931034483,49.13882306837198,4.8495848319562995,-0.0
2.330769230769231,0.18448275862068964,35.76709379541489,4.597139836048925,-0.0
2.330769230769231,0.2517241379310345,26.481901422835705,4.342549896030334,-0.0
2.330769230769231,0.3189655172413793,19.94637092737628,4.087204259750621,-0.0
2.330769230769231,0.3862068965517241,15.283699696484508,3.83258094045491,-0.0
2.330769230769231,0.45344827586206893,11.91240927785266,3.5802115077032677,-0.0
2.330769230769231,0.5206896551724138,9.442539753689104,3.331641249437744,-0.0
2.330769230769231,0.5879310344827586,7.609619361146857,3.088386504779272,-0.0
2.330769230769231,0.6551724137931034,6.232257665020297,2.8518914622965847,-0.0
2.330769230769231,0.7224137931034482,5.184645494888292,2.623487000774638,-0.0
2.330769230769231,0.7896551724137931,4.378547013177069,2.404354154006416,-0.0
2.330769230769231,0.8568965517241379,3.7513916482320226,2.195494478673954,-0.0
2.330769230769231,0.9241379310344827,3.2583222264908867,1.9977090332301548,-0.0
2.330769230769231,0.9913793103448276,2.866832826755693,1.8115869142132366,-0.0
2.330769230769231,1.0586206896551724,2.553117637988944,1.6375034627480465,-0.0
2.330769230769231,1.1258620689655172,2.2995607669255347,1.4756274620886243,-0.0
2.330769230769231,1.193103448275862,2.0929939102962045,1.325936002971595,-0.0
2.330769230769231,1.2603448275862068,1.9234755569451916,1.1882352603853619,-0.0
2.330769230769231,1.3275862068965516,1.7834276386820886,1.0621852283065891,-0.0
2.330769230769231,1.3948275862068964,1.6670193773737725,0.9473264823867121,-0.0
2.330769230769231,1.4620689655172414,1.5697235996943026,0.8431072360454149,-0.0
2.330769230769231,1.5293103448275862,1.4879944318093463,0.7489092707591015,-0.0
2.330769230769231,1.596551724137931,1.4190311505629414,0.6640716853578699,-0.0
2.330769230769231,1.6637931034482758,1.360603701824647,0.5879117802698453,-0.0
2.330769230769231,1.7310344827586206,1.3109227191893529,0.5197427252717768,-0.0
2.330769230769231,1.7982758620689654,1.2685419119902104,0.45888793321763316,-0.0
2.330769230769231,1.8655172413793102,1.2322841823987218,0.40469226973566247,-0.0
2.330769230769231,1.9327586206896552,1.2011852702329437,0.3565303693622845,-0.0
2.330769230769231,2.0,1.174450441101019,0.31381241038241914,-0.0
2.405128205128205,0.05,68.65796692261448,5.098613781084893,-0.0
2.405128205128205,0.11724137931034483,49.13882306837198,4.8495848319562995,-0.0
2.405128205128205,0.18448275862068964,35.76709379541489,4.597139836048925,-0.0
2.405128205128205,0.2517241379310345,26.481901422835705,4.342549896030334,-0.0
2.405128205128205,0.3189655172413793,19.94637092737628,4.087204259750621,-0.0
2.405128205128205,0.3862068965517241,15.283699696484508,3.83258094045491,-0.0
2.405128205128205,0.45344827586206893,11.91240927785266,3.5802115077032677,-0.0
2.405128205128205,0.5206896551724138,9.442539753689104,3.331641249437744,-0.0
2.405128205128205,0.5879310344827586,7.609619361146857,3.088386504779272,-0.0
2.405128205128205,0.6551724137931034,6.232257665020297,2.8518914622965847,-0.0
2.405128205128205,0.7224137931034482,5.184645494888292,2.623487000774638,-0.0
2.405128205128205,0.7896551724137931,4.378547013177069,2.404354154006416,-0.0
2.405128205128205,0.8568965517241379,3.7513916482320226,2.195494478673954,-0.0
2.405128205128205,0.9241379310344827,3.2583222264908867,1.9977090332301548,-0.0
2.405128205128205,0.9913793103448276,2.866832826755693,1.8115869142132366,-0.0
2.405128205128205,1.0586206896551724,2.553117637988944,1.6375034627480465,-0.0
2.405128205128205,1.1258620689655172,2.2995607669255347,1.4756274620886243,-0.0
2.405128205128205,1.193103448275862,2.0929939102962045,1.325936002971595,-0.0
2.405128205128205,1.2603448275862068,1.9234755569451916,1.1882352603853619,-0.0
2.405128205128205,1.3275862068965516,1.7834276386820886,1.0621852283065891,-0.0
2.405128205128205,1.3948275862068964,1.6670193773737725,0.9473264823867121,-0.0
2.405128205128205,1.4620689655172414,1.5697235996943026,0.8431072360454149,-0.0
2.405128205128205,1.5293103448275862,1.4879944318093463,0.7489092707591015,-0.0
2.405128205128205,1.596551724137931,1.4190311505629414,0.6640716853578699,-0.0
2.405128205128205,1.6637931034482758,1.360603701824647,0.5879117802698453,-0.0
2.405128205128205,1.7310344827586206,1.3109227191893529,0.5197427252717768,-0.0
2.405128205128205,1.7982758620689654,1.2685419119902104,0.45888793321763316,-0.0
2.405128205128205,1.8655172413793102,1.2322841823987218,0.40469226973566247,-0.0
2.405128205128205,1.9327586206896552,1.2011852702329437,0.3565303693622845,-0.0
2.405128205128205,2.0,1.174450441101019,0.31381241038241914,-0.0
2.4794871794871796,0.05,68.65796692261448,5.098613781084893,-0.0
2.4794871794871796,0.11724137931034483,49.13882306837198,4.8495848319562995,-0.0
2.4794871794871796,0.18448275862068964,35.76709379541489,4.597139836048925,-0.0
2.4794871794871796,0.2517241379310345,26.481901422835705,4.342549896030334,-0.0
2.4794871794871796,0.3189655172413793,19.94637092737628,4.087204259750621,-0.0
2.4794871794871796,0.3862068965517241,15.283699696484508,3.83258094045491,-0.0
2.4794871794871796,0.45344827586206893,11.91240927785266,3.5802115077032677,-0.0
2.4794871794871796,0.5206896551724138,9.442539753689104,3.331641249437744,-0.0
2.4794871794871796,0.5879310344827586,7.609619361146857,3.088386504779272,-0.0
2.4794871794871796,0.6551724137931034,6.232257665020297,2.8518914622965847,-0.0
2.4794871794871796,0.7224137931034482,5.184645494888292,2.623487000774638,-0.0
2.4794871794871796,0.7896551724137931,4.378547013177069,2.404354154006416,-0.0
2.4794871794871796,0.8568965517241379,3.7513916482320226,2.195494478673954,-0.0
2.4794871794871796,0.9241379310344827,3.2583222264908867,1.9977090332301548,-0.0
2.4794871794871796,0.9913793103448276,2.866832826755693,1.8115869142132366,-0.0
2.4794871794871796,1.0586206896551724,2.553117637988944,1.6375034627480465,-0.0
2.4794871794871796,1.1258620689655172,2.2995607669255347,1.4756274620886243,-0.0
2.4794871794871796,1.193103448275862,2.0929939102962045,1.325936002971595,-0.0
2.4794871794871796,1.2603448275862068,1.9234755569451916,1.1882352603853619,-0.0
2.4794871794871796,1.3275862068965516,1.7834276386820886,1.0621852283065891,-0.0
2.4794871794871796,1.3948275862068964,1.6670193773737725,0.9473264823867121,-0.0
2.4794871794871796,1.4620689655172414,1.5697235996943026,0.8431072360454149,-0.0
2.4794871794871796,1.5293103448275862,1.4879944318093463,0.7489092707591015,-0.0
2.4794871794871796,1.596551724137931,1.4190311505629414,0.6640716853578699,-0.0
2.4794871794871796,1.6637931034482758,1.360603701824647,0.5879117802698453,-0.0
2.4794871794871796,1.7310344827586206,1.3109227191893529,0.5197427252717768,-0.0
2.4794871794871796,1.7982758620689654,1.2685419119902104,0.45888793321763316,-0.0
2.4794871794871796,1.8655172413793102,1.2322841823987218,0.40469226973566247,-0.0
2.4794871794871796,1.9327586206896552,1.2011852702329437,0.3565303693622845,-0.0
2.4794871794871796,2.0,1.174450441101019,0.31381241038241914,-0.0
2.553846153846154,0.05,68.65796692261448,5.098613781084893,-0.0
2.553846153846154,0.11724137931034483,49.13882306837198,4.8495848319562995,-0.0
2.553846153846154,0.18448275862068964,35.76709379541489,4.597139836048925,-0.0
2.553846153846154,0.2517241379310345,26.481901422835705,4.342549896030334,-0.0
2.553846153846154,0.3189655172413793,19.94637092737628,4.087204259750621,-0.0
2.553846153846154,0.3862068965517241,15.283699696484508,3.83258094045491,-0.0
2.553846153846154,0.45344827586206893,11.91240927785266,3.5802115077032677,-0.0
2.553846153846154,0.5206896551724138,9.442539753689104,3.331641249437744,-0.0
2.553846153846154,0.5879310344827586,7.609619361146857,3.088386504779272,-0.0
2.553846153846154,0.6551724137931034,6.232257665020297,2.8518914622965847,-0.0
2.553846153846154,0.7224137931034482,5.184645494888292,2.623487000774638,-0.0
2.553846153846154,0.7896551724137931,4.378547013177069,2.404354154006416,-0.0
2.553846153846154,0.8568965517241379,3.7513916482320226,2.195494478673954,-0.0
2.553846153846154,0.9241379310344827,3.2583222264908867,1.9977090332301548,-0.0
2.553846153846154,0.9913793103448276,2.866832826755693,1.8115869142132366,-0.0
2.553846153846154,1.0586206896551724,2.553117637988944,1.6375034627480465,-0.0
2.553846153846154,1.1258620689655172,2.2995607669255347,1.4756274620886243,-0.0
2.553846153846154,1.193103448275862,2.0929939102962045,1.325936002971595,-0.0
2.553846153846154,1.2603448275862068,1.9234755569451916,1.1882352603853619,-0.0
2.553846153846154,1.3275862068965516,1.7834276386820886,1.0621852283065891,-0.0
2.553846153846154,1.3948275862068964,1.6670193773737725,0.9473264823867121,-0.0
2.553846153846154,1.4620689655172414,1.5697235996943026,0.8431072360454149,-0.0
2.553846153846154,1.5293103448275862,1.4879944318093463,0.7489092707591015,-0.0
2.553846153846154,1.596551724137931,1.4190311505629414,0.6640716853578699,-0.0
2.553846153846154,1.6637931034482758,1.360603701824647,0.5879117802698453,-0.0
2.553846153846154,1.7310344827586206,1.3109227191893529,0.5197427252717768,-0.0
2.553846153846154,1.7982758620689654,1.2685419119902104,0.45888793321763316,-0.0
2.553846153846154,1.8655172413793102,1.2322841823987218,0.40469226973566247,-0.0
2.553846153846154,1.9327586206896552,1.2011852702329437,0.3565303693622845,-0.0
2.553846153846154,2.0,1.174450441101019,0.31381241038241914,-0.0
2.628205128205128,0.05,68.65796692261448,5.098613781084893,-0.0
2.628205128205128,0.11724137931034483,49.13882306837198,4.8495848319562995,-0.0
2.628205128205128,0.18448275862068964,35.76709379541489,4.597139836048925,-0.0
2.628205128205128,0.2517241379310345,26.481901422835705,4.342549896030334,-0.0
2.628205128205128,0.3189655172413793,19.94637092737628,4.087204259750621,-0.0
2.628205128205128,0.3862068965517241,15.283699696484508,3.83258094045491,-0.0
2.628205128205128,0.45344827586206893,11.91240927785266,3.5802115077032677,-0.0
2.628205128205128,0.5206896551724138,9.442539753689104,3.331641249437744,-0.0
2.628205128205128,0.5879310344827586,7.609619361146857,3.088386504779272,-0.0
2.628205128205128,0.6551724137931034,6.232257665020297,2.8518914622965847,-0.0
2.628205128205128,0.7224137931034482,5.184645494888292,2.623487000774638,-0.0
2.628205128205128,0.7896551724137931,4.378547013177069,2.404354154006416,-0.0
2.628205128205128,0.8568965517241379,3.7513916482320226,2.195494478673954,-0.0
2.628205128205128,0.9241379310344827,3.2583222264908867,1.9977090332301548,-0.0
2.628205128205128,0.9913793103448276,2.866832826755693,1.8115869142132366,-0.0
2.628205128205128,1.0586206896551724,2.553117637988944,1.6375034627480465,-0.0
2.628205128205128,1.1258620689655172,2.2995607669255347,1.4756274620886243,-0.0
2.628205128205128,1.193103448275862,2.0929939102962045,1.325936002971595,-0.0
2.628205128205128,1.2603448275862068,1.9234755569451916,1.1882352603853619,-0.0
2.628205128205128,1.3275862068965516,1.7834276386820886,1.0621852283065891,-0.0
2.628205128205128,1.3948275862068964,1.6670193773737725,0.9473264823867121,-0.0
2.628205128205128,1.4620689655172414,1.5697235996943026,0.8431072360454149,-0.0
2.628205128205128,1.5293103448275862,1.4879944318093463,0.7489092707591015,-0.0
2.628205128205128,1.596551724137931,1.4190311505629414,0.6640716853578699,-0.0
2.628205128205128,1.6637931034482758,1.360603701824647,0.5879117802698453,-0.0
2.628205128205128,1.7310344827586206,1.3109227191893529,0.5197427252717768,-0.0
2.628205128205128,1.7982758620689654,1.2685419119902104,0.45888793321763316,-0.0
2.628205128205128,1.8655172413793102,1.2322841823987218,0.40469226973566247,-0.0
2.628205128205128,1.9327586206896552,1.2011852702329437,0.3565303693622845,-0.0
2.628205128205128,2.0,1.174450441101019,0.31381241038241914,-0.0
2.7025641025641027,0.05,68.65796692261448,5.098613781084893,-0.0
2.7025641025641027,0.11724137931034483,49.13882306837198,4.8495848319562995,-0.0
2.7025641025641027,0.18448275862068964,35.76709379541489,4.597139836048925,-0.0
2.7025641025641027,0.2517241379310345,26.481901422835705,4.342549896030334,-0.0
2.7025641025641027,0.3189655172413793,19.94637092737628,4.087204259750621,-0.0
2.7025641025641027,0.3862068965517241,15.283699696484508,3.83258094045491,-0.0
2.7025641025641027,0.45344827586206893,11.91240927785266,3.5802115077032677,-0.0
2.7025641025641027,0.5206896551724138,9.442539753689104,3.331641249437744,-0.0
2.7025641025641027,0.5879310344827586,7.609619361146857,3.088386504779272,-0.0
2.7025641025641027,0.6551724137931034,6.232257665020297,2.8518914622965847,-0.0
2.7025641025641027,0.7224137931034482,5.184645494888292,2.623487000774638,-0.0
2.7025641025641027,0.7896551724137931,4.378547013177069,2.404354154006416,-0.0
2.7025641025641027,0.8568965517241379,3.7513916482320226,2.195494478673954,-0.0
2.7025641025641027,0.9241379310344827,3.2583222264908867,1.9977090332301548,-0.0
2.7025641025641027,0.9913793103448276,2.866832826755693,1.8115869142132366,-0.0
2.7025641025641027,1.0586206896551724,2.553117637988944,1.6375034627480465,-0.0
2.7025641025641027,1.1258620689655172,2.2995607669255347,1.4756274620886243,-0.0
2.7025641025641027,1.193103448275862,2.0929939102962045,1.325936002971595,-0.0
2.7025641025641027,1.2603448275862068,1.9234755569451916,1.1882352603853619,-0.0
2.7025641025641027,1.3275862068965516,1.7834276386820886,1.0621852283065891,-0.0
2.7025641025641027,1.3948275862068964,1.6670193773737725,0.9473264823867121,-0.0
2.7025641025641027,1.4620689655172414,1.5697235996943026,0.8431072360454149,-0.0
2.7025641025641027,1.5293103448275862,1.4879944318093463,0.7489092707591015,-0.0
2.7025641025641027,1.596551724137931,1.4190311505629414,0.6640716853578699,-0.0
2.7025641025641027,1.6637931034482758,1.360603701824647,0.5879117802698453,-0.0
2.7025641025641027,1.7310344827586206,1.3109227191893529,0.5197427252717768,-0.0
2.7025641025641027,1.7982758620689654,1.2685419119902104,0.45888793321763316,-0.0
2.7025641025641027,1.8655172413793102,1.2322841823987218,0.40469226973566247,-0.0
2.7025641025641027,1.9327586206896552,1.2011852702329437,0.3565303693622845,-0.0
2.7025641025641027,2.0,1.174450441101019,0.31381241038241914,-0.0
2.776923076923077,0.05,68.65796692261448,5.098613781084893,-0.0
2.776923076923077,0.11724137931034483,49.13882306837198,4.8495848319562995,-0.0
2.776923076923077,0.18448275862068964,35.76709379541489,4.597139836048925,-0.0
2.776923076923077,0.2517241379310345,26.481901422835705,4.342549896030334,-0.0
2.776923076923077,0.3189655172413793,19.94637092737628,4.087204259750621,-0.0
2.776923076923077,0.3862068965517241,15.283699696484508,3.83258094045491,-0.0
2.776923076923077,0.45344827586206893,11.91240927785266,3.5802115077032677,-0.0
2.776923076923077,0.5206896551724138,9.442539753689104,3.331641249437744,-0.0
2.776923076923077,0.5879310344827586,7.609619361146857,3.088386504779272,-0.0
2.776923076923077,0.6551724137931034,6.232257665020297,2.8518914622965847,-0.0
2.776923076923077,0.7224137931034482,5.184645494888292,2.623487000774638,-0.0
2.776923076923077,0.7896551724137931,4.378547013177069,2.404354154006416,-0.0
2.776923076923077,0.8568965517241379,3.7513916482320226,2.195494478673954,-0.0
2.776923076923077,0.9241379310344827,3.2583222264908867,1.9977090332301548,-0.0
2.776923076923077,0.9913793103448276,2.866832826755693,1.8115869142132366,-0.0
2.776923076923077,1.0586206896551724,2.553117637988944,1.6375034627480465,-0.0
2.776923076923077,1.1258620689655172,2.2995607669255347,1.4756274620886243,-0.0
2.776923076923077,1.193103448275862,2.0929939102962045,1.325936002971595,-0.0
2.776923076923077,1.2603448275862068,1.9234755569451916,1.1882352603853619,-0.0
2.776923076923077,1.3275862068965516,1.7834276386820886,1.0621852283065891,-0.0
2.776923076923077,1.3948275862068964,1.6670193773737725,0.9473264823867121,-0.0
2.776923076923077,1.4620689655172414,1.5697235996943026,0.8431072360454149,-0.0
2.776923076923077,1.5293103448275862,1.4879944318093463,0.7489092707591015,-0.0
2.776923076923077,1.596551724137931,1.4190311505629414,0.6640716853578699,-0.0
2.776923076923077,1.6637931034482758,1.360603701824647,0.5879117802698453,-0.0
2.776923076923077,1.7310344827586206,1.3109227191893529,0.5197427252717768,-0.0
2.776923076923077,1.7982758620689654,1.2685419119902104,0.45888793321763316,-0.0
2.776923076923077,1.8655172413793102,1.2322841823987218,0.40469226973566247,-0.0
2.776923076923077,1.9327586206896552,1.2011852702329437,0.3565303693622845,-0.0
2.776923076923077,2.0,1.174450441101019,0.31381241038241914,-0.0
2.8512820512820514,0.05,68.65796692261448,5.098613781084893,-0.0
2.8512820512820514,0.11724137931034483,49.13882306837198,4.8495848319562995,-0.0
2.8512820512820514,0.18448275862068964,35.76709379541489,4.597139836048925,-0.0
2.8512820512820514,0.2517241379310345,26.481901422835705,4.342549896030334,-0.0
2.8512820512820514,0.3189655172413793,19.94637092737628,4.087204259750621,-0.0
2.8512820512820514,0.3862068965517241,15.283699696484508,3.83258094045491,-0.0
2.8512820512820514,0.45344827586206893,11.91240927785266,3.5802115077032677,-0.0
2.8512820512820514,0.5206896551724138,9.442539753689104,3.331641249437744,-0.0
2.8512820512820514,0.5879310344827586,7.609619361146857,3.088386504779272,-0.0
2.8512820512820514,0.6551724137931034,6.232257665020297,2.8518914622965847,-0.0
2.8512820512820514,0.7224137931034482,5.184645494888292,2.623487000774638,-0.0
2.8512820512820514,0.7896551724137931,4.378547013177069,2.404354154006416,-0.0
2.8512820512820514,0.8568965517241379,3.7513916482320226,2.195494478673954,-0.0
2.8512820512820514,0.9241379310344827,3.2583222264908867,1.9977090332301548,-0.0
2.8512820512820514,0.9913793103448276,2.866832826755693,1.8115869142132366,-0.0
2.8512820512820514,1.0586206896551724,2.553117637988944,1.6375034627480465,-0.0
2.8512820512820514,1.1258620689655172,2.2995607669255347,1.4756274620886243,-0.0
2.8512820512820514,1.193103448275862,2.0929939102962045,1.325936002971595,-0.0
2.8512820512820514,1.2603448275862068,1.9234755569451916,1.1882352603853619,-0.0
2.8512820512820514,1.3275862068965516,1.7834276386820886,1.0621852283065891,-0.0
2.8512820512820514,1.3948275862068964,1.6670193773737725,0.9473264823867121,-0.0
2.8512820512820514,1.4620689655172414,1.5697235996943026,0.8431072360454149,-0.0
2.8512820512820514,1.5293103448275862,1.4879944318093463,0.7489092707591015,-0.0
2.8512820512820514,1.596551724137931,1.4190311505629414,0.6640716853578699,-0.0
2.8512820512820514,1.6637931034482758,1.360603701824647,0.5879117802698453,-0.0
2.8512820512820514,1.7310344827586206,1.3109227191893529,0.5197427252717768,-0.0
2.8512820512820514,1.7982758620689654,1.2685419119902104,0.45888793321763316,-0.0
2.8512820512820514,1.8655172413793102,1.2322841823987218,0.40469226973566247,-0.0
2.8512820512820514,1.9327586206896552,1.2011852702329437,0.3565303693622845,-0.0
2.8512820512820514,2.0,1.174450441101019,0.31381241038241914,-0.0
2.925641025641026,0.05,68.65796692261448,5.098613781084893,-0.0
2.925641025641026,0.11724137931034483,49.13882306837198,4.8495848319562995,-0.0
2.925641025641026,0.18448275862068964,35.76709379541489,4.597139836048925,-0.0
2.925641025641026,0.2517241379310345,26.481901422835705,4.342549896030334,-0.0
2.925641025641026,0.3189655172413793,19.94637092737628,4.087204259750621,-0.0
2.925641025641026,0.3862068965517241,15.283699696484508,3.83258094045491,-0.0
2.925641025641026,0.45344827586206893,11.91240927785266,3.5802115077032677,-0.0
2.925641025641026,0.5206896551724138,9.442539753689104,3.331641249437744,-0.0
2.925641025641026,0.5879310344827586,7.609619361146857,3.088386504779272,-0.0
2.925641025641026,0.6551724137931034,6.232257665020297,2.8518914622965847,-0.0
2.925641025641026,0.7224137931034482,5.184645494888292,2.623487000774638,-0.0
2.925641025641026,0.7896551724137931,4.378547013177069,2.404354154006416,-0.0
2.925641025641026,0.8568965517241379,3.7513916482320226,2.195494478673954,-0.0
2.925641025641026,0.9241379310344827,3.2583222264908867,1.9977090332301548,-0.0
2.925641025641026,0.9913793103448276,2.866832826755693,1.8115869142132366,-0.0
2.925641025641026,1.0586206896551724,2.553117637988944,1.6375034627480465,-0.0
2.925641025641026,1.1258620689655172,2.2995607669255347,1.4756274620886243,-0.0
2.925641025641026,1.193103448275862,2.0929939102962045,1.325936002971595,-0.0
2.925641025641026,1.2603448275862068,1.9234755569451916,1.1882352603853619,-0.0
2.925641025641026,1.3275862068965516,1.7834276386820886,1.0621852283065891,-0.0
2.925641025641026,1.3948275862068964,1.6670193773737725,0.9473264823867121,-0.0
2.925641025641026,1.4620689655172414,1.5697235996943026,0.8431072360454149,-0.0
2.925641025641026,1.5293103448275862,1.4879944318093463,0.7489092707591015,-0.0
2.925641025641026,1.596551724137931,1.4190311505629414,0.6640716853578699,-0.0
2.925641025641026,1.6637931034482758,1.360603701824647,0.5879117802698453,-0.0
2.925641025641026,1.7310344827586206,1.3109227191893529,0.5197427252717768,-0.0
2.925641025641026,1.7982758620689654,1.2685419119902104,0.45888793321763316,-0.0
2.925641025641026,1.8655172413793102,1.2322841823987218,0.40469226973566247,-0.0
2.925641025641026,1.9327586206896552,1.2011852702329437,0.3565303693622845,-0.0
2.925641025641026,2.0,1.174450441101019,0.31381241038241914,-0.0
3.0,0.05,68.65796692261448,5.098613781084893,-0.0
3.0,0.11724137931034483,49.13882306837198,4.8495848319562995,-0.0
3.0,0.18448275862068964,35.76709379541489,4.597139836048925,-0.0
3.0,0.2517241379310345,26.481901422835705,4.342549896030334,-0.0
3.0,0.3189655172413793,19.94637092737628,4.087204259750621,-0.0
3.0,0.3862068965517241,15.283699696484508,3.83258094045491,-0.0
3.0,0.45344827586206893,11.91240927785266,3.5802115077032677,-0.0
3.0,0.5206896551724138,9.442539753689104,3.331641249437744,-0.0
3.0,0.5879310344827586,7.609619361146857,3.088386504779272,-0.0
3.0,0.6551724137931034,6.232257665020297,2.8518914622965847,-0.0
3.0,0.7224137931034482,5.184645494888292,2.623487000774638,-0.0
3.0,0.7896551724137931,4.378547013177069,2.404354154006416,-0.0
3.0,0.8568965517241379,3.7513916482320226,2.195494478673954,-0.0
3.0,0.9241379310344827,3.2583222264908867,1.9977090332301548,-0.0
3.0,0.9913793103448276,2.866832826755693,1.8115869142132366,-0.0
3.0,1.0586206896551724,2.553117637988944,1.6375034627480465,-0.0
3.0,1.1258620689655172,2.2995607669255347,1.4756274620886243,-0.0
3.0,1.193103448275862,2.0929939102962045,1.325936002971595,-0.0
3.0,1.2603448275862068,1.9234755569451916,1.1882352603853619,-0.0
3.0,1.3275862068965516,1.7834276386820886,1.0621852283065891,-0.0
3.0,1.3948275862068964,1.6670193773737725,0.9473264823867121,-0.0
3.0,1.4620689655172414,1.5697235996943026,0.8431072360454149,-0.0
3.0,1.5293103448275862,1.4879944318093463,0.7489092707591015,-0.0
3.0,1.596551724137931,1.4190311505629414,0.6640716853578699,-0.0
3.0,1.6637931034482758,1.360603701824647,0.5879117802698453,-0.0
3.0,1.7310344827586206,1.3109227191893529,0.5197427252717768,-0.0
3.0,1.7982758620689654,1.2685419119902104,0.45888793321763316,-0.0
3.0,1.8655172413793102,1.2322841823987218,0.40469226973566247,-0.0
3.0,1.9327586206896552,1.2011852702329437,0.3565303693622845,-0.0
3.0,2.0,1.174450441101019,0.31381241038241914,-0.0
